date,timestamp,platform,post,sentiment,engagement,sentiment_score
2025-07-14,2025-07-14T22:33:00,twitter,PLTR puts were the play today,bearish,4879,-1.77
2025-07-14,2025-07-14T15:26:00,stocktwits,"Watching $PLTR at $25.0, key level here",neutral,3294,-0.62
2025-07-14,2025-07-14T06:59:00,reddit,PLTR rejection at resistance again ðŸ˜¬,bearish,45,-1.52
2025-07-14,2025-07-14T17:03:00,stocktwits,"Watching $PLTR at $25.0, key level here",neutral,3582,1.1
2025-07-14,2025-07-14T06:08:00,twitter,"Watching $PLTR at $25.0, key level here",neutral,1247,-0.53
2025-07-14,2025-07-14T09:57:00,stocktwits,"Watching $PLTR at $25.0, key level here",neutral,3286,0.85
2025-07-14,2025-07-14T21:50:00,stocktwits,"Watching $PLTR at $25.0, key level here",neutral,4572,1.09
2025-07-15,2025-07-15T19:50:00,twitter,"Accumulating more $PLTR here, this won't stay under $25.53 long",bullish,1510,2.22
2025-07-15,2025-07-15T10:38:00,reddit,$PLTR whale alert! Someone just bought 457K shares,bullish,3794,1.92
2025-07-15,2025-07-15T09:09:00,reddit,"Watching $PLTR at $25.53, key level here",neutral,3428,1.25
2025-07-15,2025-07-15T13:14:00,stocktwits,"Big money moving into $PLTR, watch this",bullish,937,2.57
2025-07-15,2025-07-15T06:15:00,stocktwits,PLTR weekly calls printing! Target $28.08,bullish,1339,2.05
2025-07-15,2025-07-15T20:20:00,reddit,"Watching $PLTR at $25.53, key level here",neutral,3132,0.28
2025-07-15,2025-07-15T10:52:00,stocktwits,$PLTR whale alert! Someone just bought 335K shares,bullish,2903,1.5
2025-07-15,2025-07-15T21:43:00,reddit,"Watching $PLTR at $25.53, key level here",neutral,832,1.26
2025-07-15,2025-07-15T18:23:00,reddit,$PLTR whale alert! Someone just bought 120K shares,bullish,739,2.33
2025-07-15,2025-07-15T17:54:00,reddit,"Watching $PLTR at $25.53, key level here",neutral,3795,1.24
2025-07-15,2025-07-15T08:01:00,reddit,$PLTR whale alert! Someone just bought 384K shares,bullish,4561,1.65
2025-07-15,2025-07-15T10:14:00,stocktwits,Dark pool activity in PLTR picking up ðŸ‘€,bullish,258,2.54
2025-07-15,2025-07-15T19:23:00,twitter,"Watching $PLTR at $25.53, key level here",neutral,4677,1.01
2025-07-15,2025-07-15T21:41:00,reddit,"Accumulating more $PLTR here, this won't stay under $25.53 long",bullish,2088,2.47
2025-07-15,2025-07-15T10:30:00,twitter,"Big money moving into $PLTR, watch this",bullish,1714,3.24
2025-07-16,2025-07-16T13:19:00,reddit,Dark pools showing distribution in $PLTR,bearish,3283,-3.54
2025-07-16,2025-07-16T10:28:00,stocktwits,PLTR rejection at resistance again ðŸ˜¬,bearish,1781,-4.62
2025-07-16,2025-07-16T22:27:00,reddit,"PLTR failing at key levels, bearish setup",bearish,2975,-3.42
2025-07-16,2025-07-16T12:42:00,stocktwits,"PLTR failing at key levels, bearish setup",bearish,559,-4.55
2025-07-16,2025-07-16T10:04:00,twitter,"Taking profits on $PLTR, topping pattern forming",bearish,3658,-3.51
2025-07-17,2025-07-17T21:53:00,stocktwits,"Watching $PLTR at $24.59, key level here",neutral,2538,1.13
2025-07-17,2025-07-17T06:46:00,reddit,"This PLTR rally feels weak, be careful",bearish,4355,-1.77
2025-07-17,2025-07-17T18:22:00,twitter,"$PLTR looking heavy, might see $23.36 soon",bearish,2792,-1.79
2025-07-17,2025-07-17T16:38:00,stocktwits,"Watching $PLTR at $24.59, key level here",neutral,3453,0.2
2025-07-17,2025-07-17T14:02:00,twitter,"Watching $PLTR at $24.59, key level here",neutral,2679,-0.43
2025-07-18,2025-07-18T16:25:00,twitter,This PLTR setup reminds me of the last breakout,bullish,4944,3.27
2025-07-18,2025-07-18T12:50:00,twitter,"Big money moving into $PLTR, watch this",bullish,175,1.76
2025-07-18,2025-07-18T13:00:00,reddit,Government contracts = PLTR moon mission ðŸš€,bullish,3136,1.76
2025-07-18,2025-07-18T07:45:00,twitter,Government contracts = PLTR moon mission ðŸš€,bullish,1243,3.33
2025-07-18,2025-07-18T06:33:00,twitter,PLTR weekly calls printing! Target $27.85,bullish,1441,3.76
2025-07-18,2025-07-18T12:02:00,twitter,Institutions loading $PLTR at these levels,bullish,2039,4.03
2025-07-18,2025-07-18T06:27:00,twitter,This PLTR setup reminds me of the last breakout,bullish,380,3.51
2025-07-18,2025-07-18T18:48:00,stocktwits,PLTR breaking out! Chart looking beautiful ðŸ“ˆ,bullish,4940,2.53
2025-07-18,2025-07-18T12:45:00,stocktwits,PLTR breaking out! Chart looking beautiful ðŸ“ˆ,bullish,912,1.89
2025-07-21,2025-07-21T14:03:00,twitter,This PLTR setup reminds me of the last breakout,bullish,3364,5.97
2025-07-21,2025-07-21T19:30:00,reddit,$PLTR whale alert! Someone just bought 360K shares,bullish,4971,2.68
2025-07-21,2025-07-21T20:31:00,reddit,This PLTR setup reminds me of the last breakout,bullish,367,3.04
2025-07-21,2025-07-21T09:54:00,reddit,Institutions loading $PLTR at these levels,bullish,117,4.75
2025-07-21,2025-07-21T10:29:00,twitter,This PLTR setup reminds me of the last breakout,bullish,4921,5.71
2025-07-21,2025-07-21T20:13:00,reddit,$PLTR whale alert! Someone just bought 437K shares,bullish,918,3.9
2025-07-21,2025-07-21T13:10:00,twitter,$PLTR whale alert! Someone just bought 322K shares,bullish,1974,4.17
2025-07-21,2025-07-21T14:42:00,twitter,"Accumulating more $PLTR here, this won't stay under $26.42 long",bullish,2227,5.31
2025-07-22,2025-07-22T12:38:00,twitter,"Watching $PLTR at $26.32, key level here",neutral,2938,-0.2
2025-07-22,2025-07-22T15:50:00,twitter,"Watching $PLTR at $26.32, key level here",neutral,2924,-1.49
2025-07-22,2025-07-22T20:10:00,stocktwits,"Watching $PLTR at $26.32, key level here",neutral,1281,-0.06
2025-07-22,2025-07-22T16:37:00,reddit,"Watching $PLTR at $26.32, key level here",neutral,3965,-1.09
2025-07-22,2025-07-22T10:21:00,reddit,"Watching $PLTR at $26.32, key level here",neutral,2244,-1.38
2025-07-22,2025-07-22T09:00:00,twitter,"Watching $PLTR at $26.32, key level here",neutral,1848,0.49
2025-07-22,2025-07-22T14:19:00,stocktwits,"Watching $PLTR at $26.32, key level here",neutral,4589,-1.11
2025-07-22,2025-07-22T18:58:00,reddit,"Watching $PLTR at $26.32, key level here",neutral,2213,-0.5
2025-07-22,2025-07-22T11:17:00,reddit,"Watching $PLTR at $26.32, key level here",neutral,3466,-1.33
2025-07-22,2025-07-22T16:15:00,stocktwits,"Watching $PLTR at $26.32, key level here",neutral,3243,0.33
2025-07-22,2025-07-22T13:05:00,twitter,"Watching $PLTR at $26.32, key level here",neutral,427,-0.58
2025-07-22,2025-07-22T18:13:00,stocktwits,"Watching $PLTR at $26.32, key level here",neutral,2605,0.58
2025-07-22,2025-07-22T07:35:00,stocktwits,"Watching $PLTR at $26.32, key level here",neutral,2514,0.97
2025-07-23,2025-07-23T17:18:00,reddit,"Accumulating more $PLTR here, this won't stay under $27.08 long",bullish,4061,4.02
2025-07-23,2025-07-23T07:45:00,twitter,"Big money moving into $PLTR, watch this",bullish,3362,3.26
2025-07-23,2025-07-23T12:44:00,reddit,"Big money moving into $PLTR, watch this",bullish,1252,2.83
2025-07-23,2025-07-23T21:53:00,stocktwits,PLTR weekly calls printing! Target $29.79,bullish,4530,2.45
2025-07-23,2025-07-23T15:04:00,stocktwits,"Watching $PLTR at $27.08, key level here",neutral,1779,1.0
2025-07-23,2025-07-23T18:32:00,reddit,Institutions loading $PLTR at these levels,bullish,3136,2.7
2025-07-23,2025-07-23T14:56:00,stocktwits,PLTR breaking out! Chart looking beautiful ðŸ“ˆ,bullish,979,4.69
2025-07-23,2025-07-23T07:59:00,stocktwits,This PLTR setup reminds me of the last breakout,bullish,2457,1.95
2025-07-23,2025-07-23T08:27:00,reddit,Institutions loading $PLTR at these levels,bullish,2534,2.93
2025-07-23,2025-07-23T10:14:00,twitter,PLTR above all key moving averages = bullish,bullish,1486,3.01
2025-07-23,2025-07-23T14:08:00,twitter,"Watching $PLTR at $27.08, key level here",neutral,1450,1.0
2025-07-23,2025-07-23T15:34:00,reddit,PLTR above all key moving averages = bullish,bullish,4535,3.69
2025-07-23,2025-07-23T08:18:00,twitter,Institutions loading $PLTR at these levels,bullish,4410,2.44
2025-07-23,2025-07-23T08:15:00,reddit,Dark pool activity in PLTR picking up ðŸ‘€,bullish,2369,3.29
2025-07-24,2025-07-24T15:48:00,stocktwits,Dark pool activity in PLTR picking up ðŸ‘€,bullish,3387,2.6
2025-07-24,2025-07-24T15:19:00,stocktwits,"Watching $PLTR at $27.53, key level here",neutral,3227,0.46
2025-07-24,2025-07-24T09:01:00,twitter,"Watching $PLTR at $27.53, key level here",neutral,4961,1.08
2025-07-24,2025-07-24T19:32:00,stocktwits,"Accumulating more $PLTR here, this won't stay under $27.53 long",bullish,4630,2.23
2025-07-24,2025-07-24T18:09:00,reddit,"Watching $PLTR at $27.53, key level here",neutral,904,0.7
2025-07-24,2025-07-24T08:05:00,reddit,"Watching $PLTR at $27.53, key level here",neutral,2001,0.93
2025-07-24,2025-07-24T06:58:00,twitter,"Watching $PLTR at $27.53, key level here",neutral,56,0.3
2025-07-24,2025-07-24T08:53:00,reddit,"Watching $PLTR at $27.53, key level here",neutral,2210,0.91
2025-07-24,2025-07-24T09:37:00,reddit,"Watching $PLTR at $27.53, key level here",neutral,196,0.63
2025-07-24,2025-07-24T12:34:00,reddit,PLTR above all key moving averages = bullish,bullish,4505,1.83
2025-07-25,2025-07-25T07:39:00,reddit,PLTR above all key moving averages = bullish,bullish,2534,3.49
2025-07-25,2025-07-25T22:43:00,reddit,"Watching $PLTR at $27.79, key level here",neutral,3579,-0.12
2025-07-25,2025-07-25T21:44:00,twitter,"Watching $PLTR at $27.79, key level here",neutral,3763,0.95
2025-07-25,2025-07-25T22:14:00,twitter,"Watching $PLTR at $27.79, key level here",neutral,2651,-0.71
2025-07-25,2025-07-25T19:03:00,twitter,"Watching $PLTR at $27.79, key level here",neutral,1018,1.48
2025-07-25,2025-07-25T15:24:00,reddit,"Watching $PLTR at $27.79, key level here",neutral,4701,0.34
2025-07-25,2025-07-25T09:50:00,reddit,"Watching $PLTR at $27.79, key level here",neutral,2327,1.32
2025-07-25,2025-07-25T14:08:00,stocktwits,"Watching $PLTR at $27.79, key level here",neutral,197,0.76
2025-07-25,2025-07-25T11:44:00,twitter,"Watching $PLTR at $27.79, key level here",neutral,3013,0.37
2025-07-25,2025-07-25T20:25:00,twitter,"Watching $PLTR at $27.79, key level here",neutral,3908,-0.39
2025-07-25,2025-07-25T10:13:00,twitter,"Watching $PLTR at $27.79, key level here",neutral,2829,-0.6
2025-07-25,2025-07-25T11:16:00,reddit,"Watching $PLTR at $27.79, key level here",neutral,978,0.74
2025-07-28,2025-07-28T21:08:00,twitter,Major resistance at $26.17 for PLTR,bearish,1004,-2.06
2025-07-28,2025-07-28T21:06:00,stocktwits,"Watching $PLTR at $27.55, key level here",neutral,4400,-1.22
2025-07-28,2025-07-28T15:38:00,stocktwits,"Watching $PLTR at $27.55, key level here",neutral,4675,0.32
2025-07-28,2025-07-28T17:27:00,twitter,"Watching $PLTR at $27.55, key level here",neutral,2147,-0.18
2025-07-28,2025-07-28T12:56:00,twitter,"Watching $PLTR at $27.55, key level here",neutral,1904,0.27
2025-07-28,2025-07-28T07:51:00,twitter,Major resistance at $26.17 for PLTR,bearish,1463,-3.25
2025-07-28,2025-07-28T11:56:00,twitter,Dark pools showing distribution in $PLTR,bearish,787,-2.77
2025-07-28,2025-07-28T13:28:00,stocktwits,"Watching $PLTR at $27.55, key level here",neutral,1823,-0.87
2025-07-28,2025-07-28T22:24:00,reddit,"Watching $PLTR at $27.55, key level here",neutral,4581,-1.14
2025-07-28,2025-07-28T18:51:00,twitter,"Watching $PLTR at $27.55, key level here",neutral,2600,0.24
2025-07-28,2025-07-28T13:49:00,twitter,"PLTR failing at key levels, bearish setup",bearish,4063,-1.66
2025-07-28,2025-07-28T11:13:00,twitter,"Watching $PLTR at $27.55, key level here",neutral,3986,1.15
2025-07-29,2025-07-29T13:41:00,twitter,"Watching $PLTR at $27.63, key level here",neutral,3033,-0.3
2025-07-29,2025-07-29T16:17:00,twitter,"Watching $PLTR at $27.63, key level here",neutral,1474,0.7
2025-07-29,2025-07-29T08:34:00,twitter,"Watching $PLTR at $27.63, key level here",neutral,1113,-1.13
2025-07-29,2025-07-29T10:22:00,twitter,Government contracts = PLTR moon mission ðŸš€,bullish,327,1.73
2025-07-29,2025-07-29T15:26:00,stocktwits,"Watching $PLTR at $27.63, key level here",neutral,4910,-1.36
2025-07-29,2025-07-29T09:42:00,reddit,"Watching $PLTR at $27.63, key level here",neutral,4617,0.13
2025-07-29,2025-07-29T09:53:00,stocktwits,Government contracts = PLTR moon mission ðŸš€,bullish,3809,1.65
2025-07-29,2025-07-29T08:34:00,reddit,"Watching $PLTR at $27.63, key level here",neutral,2507,0.22
2025-07-29,2025-07-29T06:02:00,reddit,"Watching $PLTR at $27.63, key level here",neutral,3798,0.18
2025-07-30,2025-07-30T22:33:00,reddit,PLTR breaking out! Chart looking beautiful ðŸ“ˆ,bullish,4321,3.46
2025-07-30,2025-07-30T09:02:00,twitter,Institutions loading $PLTR at these levels,bullish,4483,5.33
2025-07-30,2025-07-30T14:07:00,twitter,$PLTR whale alert! Someone just bought 284K shares,bullish,3721,4.32
2025-07-30,2025-07-30T10:53:00,reddit,Government contracts = PLTR moon mission ðŸš€,bullish,429,3.11
2025-07-30,2025-07-30T12:51:00,twitter,PLTR breaking out! Chart looking beautiful ðŸ“ˆ,bullish,1683,4.89
2025-07-30,2025-07-30T13:21:00,reddit,This PLTR setup reminds me of the last breakout,bullish,4186,3.61
2025-07-30,2025-07-30T16:22:00,twitter,Government contracts = PLTR moon mission ðŸš€,bullish,2783,3.88
2025-07-30,2025-07-30T07:36:00,reddit,"Accumulating more $PLTR here, this won't stay under $28.9 long",bullish,4657,5.54
2025-07-30,2025-07-30T17:48:00,twitter,Institutions loading $PLTR at these levels,bullish,2596,2.69
2025-07-31,2025-07-31T21:10:00,stocktwits,"Accumulating more $PLTR here, this won't stay under $29.78 long",bullish,482,4.14
2025-07-31,2025-07-31T15:52:00,twitter,"Accumulating more $PLTR here, this won't stay under $29.78 long",bullish,3572,3.41
2025-07-31,2025-07-31T08:35:00,twitter,Institutions loading $PLTR at these levels,bullish,1531,3.24
2025-07-31,2025-07-31T19:36:00,reddit,This PLTR setup reminds me of the last breakout,bullish,3905,3.14
2025-07-31,2025-07-31T21:49:00,twitter,"Big money moving into $PLTR, watch this",bullish,3945,5.06
2025-07-31,2025-07-31T18:45:00,twitter,Government contracts = PLTR moon mission ðŸš€,bullish,3505,3.95
2025-07-31,2025-07-31T20:52:00,twitter,Government contracts = PLTR moon mission ðŸš€,bullish,4360,3.8
2025-07-31,2025-07-31T11:23:00,twitter,$PLTR whale alert! Someone just bought 443K shares,bullish,2178,3.19
2025-08-01,2025-08-01T17:51:00,twitter,"Watching $PLTR at $29.56, key level here",neutral,1746,-0.21
2025-08-01,2025-08-01T11:00:00,reddit,"Watching $PLTR at $29.56, key level here",neutral,4272,0.2
2025-08-01,2025-08-01T22:57:00,reddit,"Watching $PLTR at $29.56, key level here",neutral,4425,1.29
2025-08-01,2025-08-01T16:09:00,reddit,"Watching $PLTR at $29.56, key level here",neutral,786,-0.86
2025-08-01,2025-08-01T07:04:00,reddit,"Watching $PLTR at $29.56, key level here",neutral,2963,-1.12
2025-08-01,2025-08-01T13:36:00,twitter,"Watching $PLTR at $29.56, key level here",neutral,475,-0.08
2025-08-01,2025-08-01T11:24:00,reddit,"Watching $PLTR at $29.56, key level here",neutral,4592,1.44
2025-08-01,2025-08-01T20:47:00,stocktwits,"Watching $PLTR at $29.56, key level here",neutral,625,0.98
2025-08-01,2025-08-01T09:40:00,reddit,"Watching $PLTR at $29.56, key level here",neutral,3078,-1.05
2025-08-04,2025-08-04T19:38:00,reddit,PLTR above all key moving averages = bullish,bullish,4755,2.17
2025-08-04,2025-08-04T18:17:00,stocktwits,$PLTR whale alert! Someone just bought 108K shares,bullish,3137,2.4
2025-08-04,2025-08-04T06:29:00,reddit,$PLTR whale alert! Someone just bought 425K shares,bullish,1011,3.13
2025-08-04,2025-08-04T14:05:00,twitter,PLTR breaking out! Chart looking beautiful ðŸ“ˆ,bullish,1593,3.88
2025-08-04,2025-08-04T12:49:00,stocktwits,Dark pool activity in PLTR picking up ðŸ‘€,bullish,4791,2.94
2025-08-05,2025-08-05T06:52:00,twitter,Government contracts = PLTR moon mission ðŸš€,bullish,3151,8.68
2025-08-05,2025-08-05T22:41:00,reddit,$PLTR whale alert! Someone just bought 117K shares,bullish,3751,9.08
2025-08-05,2025-08-05T10:28:00,reddit,This PLTR setup reminds me of the last breakout,bullish,658,6.6
2025-08-05,2025-08-05T06:04:00,stocktwits,Institutions loading $PLTR at these levels,bullish,4919,8.15
2025-08-05,2025-08-05T13:22:00,twitter,Institutions loading $PLTR at these levels,bullish,1324,8.39
2025-08-05,2025-08-05T09:09:00,reddit,"Accumulating more $PLTR here, this won't stay under $32.72 long",bullish,4310,9.26
2025-08-05,2025-08-05T15:04:00,stocktwits,Institutions loading $PLTR at these levels,bullish,1560,6.77
2025-08-05,2025-08-05T18:01:00,twitter,$PLTR whale alert! Someone just bought 126K shares,bullish,2554,7.79
2025-08-05,2025-08-05T14:44:00,reddit,Government contracts = PLTR moon mission ðŸš€,bullish,1153,8.25
2025-08-05,2025-08-05T18:38:00,twitter,PLTR weekly calls printing! Target $35.99,bullish,4578,8.81
2025-08-05,2025-08-05T17:00:00,stocktwits,PLTR breaking out! Chart looking beautiful ðŸ“ˆ,bullish,4558,7.3
2025-08-05,2025-08-05T18:07:00,stocktwits,PLTR above all key moving averages = bullish,bullish,2836,7.45
2025-08-05,2025-08-05T20:27:00,twitter,This PLTR setup reminds me of the last breakout,bullish,4935,8.36
2025-08-05,2025-08-05T10:33:00,stocktwits,Institutions loading $PLTR at these levels,bullish,3978,9.04
2025-08-06,2025-08-06T22:41:00,stocktwits,"Watching $PLTR at $32.79, key level here",neutral,4262,-0.04
2025-08-06,2025-08-06T09:06:00,reddit,"Watching $PLTR at $32.79, key level here",neutral,135,0.17
2025-08-06,2025-08-06T10:45:00,twitter,PLTR above all key moving averages = bullish,bullish,86,1.97
2025-08-06,2025-08-06T13:26:00,stocktwits,Major resistance at $31.15 for PLTR,bearish,3678,-2.47
2025-08-06,2025-08-06T10:19:00,reddit,"Watching $PLTR at $32.79, key level here",neutral,2497,1.07
2025-08-06,2025-08-06T13:07:00,reddit,"Watching $PLTR at $32.79, key level here",neutral,1869,1.08
2025-08-06,2025-08-06T20:08:00,reddit,"Watching $PLTR at $32.79, key level here",neutral,2547,0.81
2025-08-06,2025-08-06T21:46:00,twitter,"Watching $PLTR at $32.79, key level here",neutral,65,-0.29
2025-08-07,2025-08-07T08:53:00,stocktwits,Dark pool activity in PLTR picking up ðŸ‘€,bullish,4460,3.58
2025-08-07,2025-08-07T10:48:00,stocktwits,PLTR above all key moving averages = bullish,bullish,387,5.49
2025-08-07,2025-08-07T17:31:00,reddit,This PLTR setup reminds me of the last breakout,bullish,3751,4.28
2025-08-07,2025-08-07T16:41:00,twitter,"Big money moving into $PLTR, watch this",bullish,4583,4.45
2025-08-07,2025-08-07T15:23:00,reddit,This PLTR setup reminds me of the last breakout,bullish,4664,4.4
2025-08-08,2025-08-08T21:24:00,twitter,This PLTR setup reminds me of the last breakout,bullish,1013,4.15
2025-08-08,2025-08-08T13:09:00,twitter,PLTR breaking out! Chart looking beautiful ðŸ“ˆ,bullish,1837,4.7
2025-08-08,2025-08-08T08:49:00,stocktwits,PLTR above all key moving averages = bullish,bullish,3766,4.29
2025-08-08,2025-08-08T09:59:00,reddit,Government contracts = PLTR moon mission ðŸš€,bullish,2983,2.76
2025-08-08,2025-08-08T15:54:00,twitter,$PLTR whale alert! Someone just bought 122K shares,bullish,4559,3.92
2025-08-08,2025-08-08T22:43:00,stocktwits,This PLTR setup reminds me of the last breakout,bullish,1282,1.87
2025-08-08,2025-08-08T06:53:00,twitter,"Big money moving into $PLTR, watch this",bullish,1876,4.73
2025-08-08,2025-08-08T06:32:00,reddit,"Accumulating more $PLTR here, this won't stay under $35.7 long",bullish,622,3.61
2025-08-08,2025-08-08T06:41:00,stocktwits,This PLTR setup reminds me of the last breakout,bullish,2717,6.01
2025-08-08,2025-08-08T13:57:00,stocktwits,"Accumulating more $PLTR here, this won't stay under $35.7 long",bullish,108,6.37
2025-08-08,2025-08-08T16:24:00,reddit,"Big money moving into $PLTR, watch this",bullish,2864,3.5
2025-08-08,2025-08-08T06:06:00,reddit,Dark pool activity in PLTR picking up ðŸ‘€,bullish,3412,3.74
2025-08-08,2025-08-08T18:17:00,twitter,Institutions loading $PLTR at these levels,bullish,3597,4.72
2025-08-08,2025-08-08T10:54:00,reddit,"Accumulating more $PLTR here, this won't stay under $35.7 long",bullish,4093,5.06
2025-08-11,2025-08-11T17:32:00,twitter,PLTR breaking out! Chart looking beautiful ðŸ“ˆ,bullish,4302,3.15
2025-08-11,2025-08-11T06:33:00,stocktwits,"Accumulating more $PLTR here, this won't stay under $36.57 long",bullish,932,1.83
2025-08-11,2025-08-11T10:03:00,stocktwits,"Big money moving into $PLTR, watch this",bullish,4827,2.49
2025-08-11,2025-08-11T07:24:00,reddit,PLTR breaking out! Chart looking beautiful ðŸ“ˆ,bullish,45,1.78
2025-08-11,2025-08-11T17:34:00,twitter,"Accumulating more $PLTR here, this won't stay under $36.57 long",bullish,1349,3.22
2025-08-11,2025-08-11T16:17:00,twitter,This PLTR setup reminds me of the last breakout,bullish,370,4.06
2025-08-11,2025-08-11T06:55:00,reddit,PLTR above all key moving averages = bullish,bullish,1652,3.16
2025-08-11,2025-08-11T08:04:00,stocktwits,PLTR above all key moving averages = bullish,bullish,3773,1.96
2025-08-11,2025-08-11T19:31:00,twitter,$PLTR whale alert! Someone just bought 183K shares,bullish,4851,2.56
2025-08-12,2025-08-12T14:43:00,reddit,Institutions loading $PLTR at these levels,bullish,82,4.05
2025-08-12,2025-08-12T12:17:00,stocktwits,"Big money moving into $PLTR, watch this",bullish,3794,3.86
2025-08-12,2025-08-12T14:21:00,reddit,PLTR above all key moving averages = bullish,bullish,1174,6.09
2025-08-12,2025-08-12T13:29:00,stocktwits,PLTR breaking out! Chart looking beautiful ðŸ“ˆ,bullish,4633,4.8
2025-08-12,2025-08-12T09:43:00,twitter,Dark pool activity in PLTR picking up ðŸ‘€,bullish,1046,4.35
2025-08-12,2025-08-12T16:22:00,reddit,This PLTR setup reminds me of the last breakout,bullish,3038,4.66
2025-08-12,2025-08-12T07:41:00,stocktwits,"Big money moving into $PLTR, watch this",bullish,1168,4.02
2025-08-12,2025-08-12T14:22:00,twitter,"Big money moving into $PLTR, watch this",bullish,809,5.72
2025-08-12,2025-08-12T18:31:00,reddit,Dark pool activity in PLTR picking up ðŸ‘€,bullish,3808,4.15
2025-08-12,2025-08-12T17:21:00,stocktwits,"Accumulating more $PLTR here, this won't stay under $38.24 long",bullish,4542,3.29
2025-08-12,2025-08-12T11:39:00,reddit,Government contracts = PLTR moon mission ðŸš€,bullish,4537,5.01
2025-08-12,2025-08-12T10:55:00,twitter,This PLTR setup reminds me of the last breakout,bullish,2849,5.7
2025-08-12,2025-08-12T22:44:00,twitter,Institutions loading $PLTR at these levels,bullish,441,4.5
2025-08-12,2025-08-12T11:43:00,reddit,Dark pool activity in PLTR picking up ðŸ‘€,bullish,4424,4.07
2025-08-12,2025-08-12T16:38:00,twitter,"Big money moving into $PLTR, watch this",bullish,4099,6.62
2025-08-13,2025-08-13T10:20:00,stocktwits,This PLTR setup reminds me of the last breakout,bullish,4943,2.57
2025-08-13,2025-08-13T19:21:00,reddit,Dark pool activity in PLTR picking up ðŸ‘€,bullish,2272,2.89
2025-08-13,2025-08-13T17:37:00,twitter,PLTR above all key moving averages = bullish,bullish,23,3.23
2025-08-13,2025-08-13T18:15:00,reddit,"Watching $PLTR at $39.04, key level here",neutral,849,1.21
2025-08-13,2025-08-13T20:35:00,stocktwits,PLTR breaking out! Chart looking beautiful ðŸ“ˆ,bullish,3153,1.55
2025-08-13,2025-08-13T06:30:00,twitter,Dark pool activity in PLTR picking up ðŸ‘€,bullish,4547,1.58
2025-08-13,2025-08-13T21:33:00,stocktwits,"Accumulating more $PLTR here, this won't stay under $39.04 long",bullish,479,1.95
2025-08-13,2025-08-13T14:41:00,twitter,Dark pool activity in PLTR picking up ðŸ‘€,bullish,1387,2.44
2025-08-13,2025-08-13T21:27:00,twitter,"Watching $PLTR at $39.04, key level here",neutral,4720,0.69
2025-08-13,2025-08-13T13:41:00,twitter,"Accumulating more $PLTR here, this won't stay under $39.04 long",bullish,2032,2.12
2025-08-13,2025-08-13T18:42:00,stocktwits,"Watching $PLTR at $39.04, key level here",neutral,1907,-0.11
2025-08-13,2025-08-13T10:33:00,reddit,"Watching $PLTR at $39.04, key level here",neutral,731,1.12
2025-08-13,2025-08-13T08:09:00,twitter,"Watching $PLTR at $39.04, key level here",neutral,4054,1.08
2025-08-14,2025-08-14T10:14:00,twitter,"Watching $PLTR at $38.91, key level here",neutral,1756,-0.94
2025-08-14,2025-08-14T20:36:00,reddit,"Taking profits on $PLTR, topping pattern forming",bearish,2026,-2.53
2025-08-14,2025-08-14T18:09:00,twitter,"Watching $PLTR at $38.91, key level here",neutral,2739,-0.89
2025-08-14,2025-08-14T16:42:00,reddit,"Watching $PLTR at $38.91, key level here",neutral,2985,-1.33
2025-08-14,2025-08-14T21:19:00,twitter,"Watching $PLTR at $38.91, key level here",neutral,4889,-1.16
2025-08-14,2025-08-14T09:39:00,reddit,"Watching $PLTR at $38.91, key level here",neutral,3821,-0.06
2025-08-14,2025-08-14T13:50:00,stocktwits,"Watching $PLTR at $38.91, key level here",neutral,2765,-0.98
2025-08-15,2025-08-15T16:58:00,reddit,Institutions loading $PLTR at these levels,bullish,2427,5.74
2025-08-15,2025-08-15T18:51:00,twitter,PLTR breaking out! Chart looking beautiful ðŸ“ˆ,bullish,4669,6.73
2025-08-15,2025-08-15T15:26:00,stocktwits,This PLTR setup reminds me of the last breakout,bullish,4510,6.32
2025-08-15,2025-08-15T07:43:00,twitter,This PLTR setup reminds me of the last breakout,bullish,2617,7.58
2025-08-15,2025-08-15T06:02:00,stocktwits,PLTR breaking out! Chart looking beautiful ðŸ“ˆ,bullish,2990,5.38
2025-08-15,2025-08-15T20:03:00,twitter,"Big money moving into $PLTR, watch this",bullish,2179,4.08
2025-08-18,2025-08-18T07:41:00,reddit,This PLTR setup reminds me of the last breakout,bullish,1753,3.34
2025-08-18,2025-08-18T14:15:00,stocktwits,PLTR weekly calls printing! Target $46.76,bullish,2248,3.64
2025-08-18,2025-08-18T06:50:00,reddit,$PLTR whale alert! Someone just bought 94K shares,bullish,3599,4.14
2025-08-18,2025-08-18T09:35:00,twitter,Dark pool activity in PLTR picking up ðŸ‘€,bullish,2025,4.25
2025-08-18,2025-08-18T11:03:00,stocktwits,"Watching $PLTR at $42.51, key level here",neutral,1503,1.1
2025-08-18,2025-08-18T22:48:00,stocktwits,This PLTR setup reminds me of the last breakout,bullish,4097,3.65
2025-08-18,2025-08-18T15:11:00,reddit,"Big money moving into $PLTR, watch this",bullish,1547,4.58
2025-08-18,2025-08-18T17:34:00,reddit,"Big money moving into $PLTR, watch this",bullish,1168,3.32
2025-08-18,2025-08-18T06:50:00,reddit,"Accumulating more $PLTR here, this won't stay under $42.51 long",bullish,1044,5.32
2025-08-18,2025-08-18T08:03:00,reddit,Government contracts = PLTR moon mission ðŸš€,bullish,4962,3.09
2025-08-18,2025-08-18T17:10:00,stocktwits,This PLTR setup reminds me of the last breakout,bullish,2607,2.63
2025-08-18,2025-08-18T08:19:00,stocktwits,$PLTR whale alert! Someone just bought 353K shares,bullish,2984,4.46
2025-08-19,2025-08-19T09:10:00,reddit,"Watching $PLTR at $42.4, key level here",neutral,370,-0.4
2025-08-19,2025-08-19T22:07:00,stocktwits,"Watching $PLTR at $42.4, key level here",neutral,4097,-0.04
2025-08-19,2025-08-19T09:12:00,twitter,"Watching $PLTR at $42.4, key level here",neutral,3886,-0.31
2025-08-19,2025-08-19T14:10:00,reddit,"Watching $PLTR at $42.4, key level here",neutral,4486,-0.15
2025-08-19,2025-08-19T18:15:00,stocktwits,"Watching $PLTR at $42.4, key level here",neutral,2971,0.8
2025-08-19,2025-08-19T09:40:00,twitter,"Watching $PLTR at $42.4, key level here",neutral,1312,-0.68
2025-08-19,2025-08-19T20:56:00,reddit,"Big money moving into $PLTR, watch this",bullish,2688,2.13
2025-08-19,2025-08-19T22:02:00,reddit,"Watching $PLTR at $42.4, key level here",neutral,1842,1.44
2025-08-19,2025-08-19T13:21:00,stocktwits,"Watching $PLTR at $42.4, key level here",neutral,102,-0.92
2025-08-19,2025-08-19T06:57:00,twitter,"Watching $PLTR at $42.4, key level here",neutral,4986,-1.14
2025-08-20,2025-08-20T15:35:00,reddit,"Big money moving into $PLTR, watch this",bullish,4699,6.69
2025-08-20,2025-08-20T13:57:00,stocktwits,"Accumulating more $PLTR here, this won't stay under $44.75 long",bullish,4581,6.4
2025-08-20,2025-08-20T06:16:00,twitter,"Accumulating more $PLTR here, this won't stay under $44.75 long",bullish,4302,6.77
2025-08-20,2025-08-20T21:13:00,reddit,$PLTR whale alert! Someone just bought 292K shares,bullish,2022,5.64
2025-08-20,2025-08-20T17:11:00,twitter,Government contracts = PLTR moon mission ðŸš€,bullish,1663,6.37
2025-08-20,2025-08-20T14:09:00,twitter,"Accumulating more $PLTR here, this won't stay under $44.75 long",bullish,3631,4.64
2025-08-20,2025-08-20T14:19:00,twitter,Dark pool activity in PLTR picking up ðŸ‘€,bullish,3584,4.73
2025-08-20,2025-08-20T20:53:00,stocktwits,$PLTR whale alert! Someone just bought 489K shares,bullish,4855,5.93
2025-08-20,2025-08-20T07:48:00,reddit,Dark pool activity in PLTR picking up ðŸ‘€,bullish,2683,4.71
2025-08-20,2025-08-20T16:35:00,stocktwits,$PLTR whale alert! Someone just bought 245K shares,bullish,3975,3.82
2025-08-20,2025-08-20T07:39:00,twitter,PLTR above all key moving averages = bullish,bullish,4099,5.53
2025-08-21,2025-08-21T10:53:00,reddit,"Watching $PLTR at $44.33, key level here",neutral,3819,-1.01
2025-08-21,2025-08-21T08:05:00,reddit,"$PLTR looking heavy, might see $42.11 soon",bearish,2792,-1.97
2025-08-21,2025-08-21T08:55:00,twitter,"Watching $PLTR at $44.33, key level here",neutral,3419,-1.42
2025-08-21,2025-08-21T22:02:00,stocktwits,"Watching $PLTR at $44.33, key level here",neutral,2427,0.39
2025-08-21,2025-08-21T10:25:00,reddit,"Watching $PLTR at $44.33, key level here",neutral,2624,-1.12
2025-08-21,2025-08-21T08:45:00,twitter,PLTR puts were the play today,bearish,2711,-2.17
2025-08-21,2025-08-21T09:40:00,stocktwits,"Watching $PLTR at $44.33, key level here",neutral,1549,0.33
2025-08-21,2025-08-21T15:38:00,reddit,"Watching $PLTR at $44.33, key level here",neutral,3903,-0.55
2025-08-21,2025-08-21T08:32:00,reddit,"Watching $PLTR at $44.33, key level here",neutral,1380,-0.13
2025-08-21,2025-08-21T18:48:00,twitter,"Watching $PLTR at $44.33, key level here",neutral,2482,-0.66
2025-08-21,2025-08-21T15:11:00,stocktwits,"Watching $PLTR at $44.33, key level here",neutral,3964,-0.26
2025-08-22,2025-08-22T13:16:00,stocktwits,PLTR breaking out! Chart looking beautiful ðŸ“ˆ,bullish,3197,3.96
2025-08-22,2025-08-22T21:42:00,stocktwits,PLTR above all key moving averages = bullish,bullish,811,1.91
2025-08-22,2025-08-22T14:47:00,twitter,"Big money moving into $PLTR, watch this",bullish,1870,3.18
2025-08-22,2025-08-22T06:46:00,reddit,Government contracts = PLTR moon mission ðŸš€,bullish,611,1.56
2025-08-22,2025-08-22T08:48:00,stocktwits,Institutions loading $PLTR at these levels,bullish,879,2.36
2025-08-25,2025-08-25T16:02:00,twitter,"Watching $PLTR at $45.96, key level here",neutral,2180,-0.6
2025-08-25,2025-08-25T08:10:00,stocktwits,"Watching $PLTR at $45.96, key level here",neutral,1477,0.26
2025-08-25,2025-08-25T19:55:00,twitter,"Watching $PLTR at $45.96, key level here",neutral,1475,0.96
2025-08-25,2025-08-25T21:13:00,stocktwits,"Watching $PLTR at $45.96, key level here",neutral,1166,1.18
2025-08-25,2025-08-25T11:50:00,stocktwits,"Watching $PLTR at $45.96, key level here",neutral,3858,0.83
2025-08-25,2025-08-25T12:49:00,twitter,PLTR weekly calls printing! Target $50.56,bullish,2578,1.75
2025-08-25,2025-08-25T21:37:00,stocktwits,PLTR above all key moving averages = bullish,bullish,1143,1.89
2025-08-25,2025-08-25T21:14:00,reddit,"Watching $PLTR at $45.96, key level here",neutral,1583,1.2
2025-08-25,2025-08-25T13:39:00,twitter,"Watching $PLTR at $45.96, key level here",neutral,3300,0.78
2025-08-25,2025-08-25T06:12:00,twitter,$PLTR whale alert! Someone just bought 125K shares,bullish,1339,1.95
2025-08-25,2025-08-25T09:53:00,twitter,"Watching $PLTR at $45.96, key level here",neutral,2438,0.34
2025-08-25,2025-08-25T12:01:00,twitter,Institutions loading $PLTR at these levels,bullish,2879,1.97
2025-08-25,2025-08-25T06:09:00,twitter,"Watching $PLTR at $45.96, key level here",neutral,4571,-1.05
2025-08-26,2025-08-26T16:39:00,stocktwits,$PLTR whale alert! Someone just bought 167K shares,bullish,4873,2.43
2025-08-26,2025-08-26T14:59:00,stocktwits,"Watching $PLTR at $47.44, key level here",neutral,3008,0.79
2025-08-26,2025-08-26T07:40:00,reddit,Institutions loading $PLTR at these levels,bullish,2497,2.72
2025-08-26,2025-08-26T19:00:00,twitter,PLTR above all key moving averages = bullish,bullish,4447,2.98
2025-08-26,2025-08-26T20:35:00,reddit,Institutions loading $PLTR at these levels,bullish,717,5.1
2025-08-26,2025-08-26T08:10:00,reddit,"Watching $PLTR at $47.44, key level here",neutral,1419,0.95
2025-08-26,2025-08-26T09:29:00,twitter,"Big money moving into $PLTR, watch this",bullish,4739,4.29
2025-08-26,2025-08-26T12:14:00,stocktwits,$PLTR whale alert! Someone just bought 264K shares,bullish,3970,2.63
2025-08-26,2025-08-26T15:52:00,stocktwits,This PLTR setup reminds me of the last breakout,bullish,3869,2.13
2025-08-27,2025-08-27T20:37:00,twitter,"Watching $PLTR at $48.0, key level here",neutral,4085,0.48
2025-08-27,2025-08-27T17:26:00,twitter,Institutions loading $PLTR at these levels,bullish,4644,2.01
2025-08-27,2025-08-27T16:14:00,reddit,"Big money moving into $PLTR, watch this",bullish,3069,3.32
2025-08-27,2025-08-27T13:59:00,twitter,"Watching $PLTR at $48.0, key level here",neutral,285,-0.07
2025-08-27,2025-08-27T13:25:00,twitter,"Watching $PLTR at $48.0, key level here",neutral,875,-0.19
2025-08-27,2025-08-27T15:01:00,reddit,"Big money moving into $PLTR, watch this",bullish,4889,2.06
2025-08-27,2025-08-27T11:05:00,stocktwits,"Watching $PLTR at $48.0, key level here",neutral,2085,0.8
2025-08-27,2025-08-27T22:18:00,twitter,"Watching $PLTR at $48.0, key level here",neutral,3909,1.35
2025-08-27,2025-08-27T16:40:00,reddit,"Watching $PLTR at $48.0, key level here",neutral,3195,0.27
2025-08-27,2025-08-27T08:07:00,twitter,"Big money moving into $PLTR, watch this",bullish,4147,1.9
2025-08-28,2025-08-28T16:10:00,stocktwits,"Watching $PLTR at $48.87, key level here",neutral,1539,1.01
2025-08-28,2025-08-28T06:05:00,stocktwits,This PLTR setup reminds me of the last breakout,bullish,1561,2.38
2025-08-28,2025-08-28T17:57:00,reddit,"Big money moving into $PLTR, watch this",bullish,1846,3.34
2025-08-28,2025-08-28T09:03:00,stocktwits,"Watching $PLTR at $48.87, key level here",neutral,3899,1.23
2025-08-28,2025-08-28T17:53:00,stocktwits,"Big money moving into $PLTR, watch this",bullish,1233,1.81
2025-08-29,2025-08-29T12:15:00,reddit,"Watching $PLTR at $48.96, key level here",neutral,4627,-1.03
2025-08-29,2025-08-29T08:10:00,reddit,"Accumulating more $PLTR here, this won't stay under $48.96 long",bullish,3042,2.38
2025-08-29,2025-08-29T15:18:00,twitter,"Watching $PLTR at $48.96, key level here",neutral,1185,-0.59
2025-08-29,2025-08-29T22:51:00,stocktwits,This PLTR setup reminds me of the last breakout,bullish,210,1.87
2025-08-29,2025-08-29T14:23:00,stocktwits,"Watching $PLTR at $48.96, key level here",neutral,1802,1.26
2025-08-29,2025-08-29T12:58:00,reddit,"Watching $PLTR at $48.96, key level here",neutral,4475,1.16
2025-08-29,2025-08-29T12:48:00,twitter,"Watching $PLTR at $48.96, key level here",neutral,734,0.5
2025-08-29,2025-08-29T07:35:00,reddit,"Watching $PLTR at $48.96, key level here",neutral,1336,0.28
2025-08-29,2025-08-29T06:38:00,stocktwits,$PLTR whale alert! Someone just bought 393K shares,bullish,3176,1.62
2025-08-29,2025-08-29T16:12:00,stocktwits,"Watching $PLTR at $48.96, key level here",neutral,523,-0.43
2025-08-29,2025-08-29T16:53:00,twitter,"Watching $PLTR at $48.96, key level here",neutral,853,0.33
2025-08-29,2025-08-29T09:58:00,reddit,"Watching $PLTR at $48.96, key level here",neutral,4533,1.18
2025-08-29,2025-08-29T08:35:00,reddit,"Watching $PLTR at $48.96, key level here",neutral,777,-0.23
2025-08-29,2025-08-29T13:47:00,reddit,"Watching $PLTR at $48.96, key level here",neutral,3409,0.06
2025-09-01,2025-09-01T21:27:00,reddit,"Watching $PLTR at $48.23, key level here",neutral,3794,-0.8
2025-09-01,2025-09-01T09:52:00,stocktwits,PLTR rejection at resistance again ðŸ˜¬,bearish,2049,-1.76
2025-09-01,2025-09-01T15:21:00,twitter,"Sold my PLTR position, not liking this action",bearish,3618,-2.15
2025-09-01,2025-09-01T14:47:00,twitter,PLTR rejection at resistance again ðŸ˜¬,bearish,3836,-2.31
2025-09-01,2025-09-01T08:32:00,stocktwits,"Watching $PLTR at $48.23, key level here",neutral,2311,-1.1
2025-09-01,2025-09-01T22:41:00,stocktwits,"Watching $PLTR at $48.23, key level here",neutral,1342,-0.49
2025-09-01,2025-09-01T22:47:00,twitter,"Watching $PLTR at $48.23, key level here",neutral,4877,-1.22
2025-09-01,2025-09-01T15:50:00,stocktwits,Dark pools showing distribution in $PLTR,bearish,2865,-2.08
2025-09-01,2025-09-01T19:56:00,reddit,"Watching $PLTR at $48.23, key level here",neutral,3032,-1.49
2025-09-01,2025-09-01T13:40:00,twitter,Dark pools showing distribution in $PLTR,bearish,708,-1.73
2025-09-02,2025-09-02T10:45:00,reddit,This PLTR setup reminds me of the last breakout,bullish,1653,4.56
2025-09-02,2025-09-02T12:50:00,twitter,Institutions loading $PLTR at these levels,bullish,605,2.57
2025-09-02,2025-09-02T22:22:00,stocktwits,PLTR weekly calls printing! Target $54.97,bullish,4692,3.86
2025-09-02,2025-09-02T15:40:00,reddit,$PLTR whale alert! Someone just bought 160K shares,bullish,4188,3.09
2025-09-02,2025-09-02T16:20:00,twitter,This PLTR setup reminds me of the last breakout,bullish,1214,3.3
2025-09-02,2025-09-02T12:54:00,stocktwits,This PLTR setup reminds me of the last breakout,bullish,1684,4.42
2025-09-02,2025-09-02T21:10:00,reddit,Dark pool activity in PLTR picking up ðŸ‘€,bullish,2346,3.84
2025-09-02,2025-09-02T06:59:00,twitter,$PLTR whale alert! Someone just bought 486K shares,bullish,2678,3.57
2025-09-02,2025-09-02T16:14:00,twitter,PLTR breaking out! Chart looking beautiful ðŸ“ˆ,bullish,3158,3.24
2025-09-02,2025-09-02T16:55:00,stocktwits,This PLTR setup reminds me of the last breakout,bullish,1420,4.29
2025-09-02,2025-09-02T06:03:00,twitter,PLTR weekly calls printing! Target $54.97,bullish,343,3.31
2025-09-03,2025-09-03T08:13:00,twitter,Dark pool activity in PLTR picking up ðŸ‘€,bullish,2279,4.99
2025-09-03,2025-09-03T08:06:00,reddit,"Accumulating more $PLTR here, this won't stay under $51.89 long",bullish,4267,4.04
2025-09-03,2025-09-03T15:42:00,reddit,PLTR weekly calls printing! Target $57.08,bullish,3057,3.05
2025-09-03,2025-09-03T08:56:00,stocktwits,"Big money moving into $PLTR, watch this",bullish,167,3.05
2025-09-03,2025-09-03T15:49:00,twitter,$PLTR whale alert! Someone just bought 424K shares,bullish,442,4.02
2025-09-03,2025-09-03T14:46:00,reddit,Government contracts = PLTR moon mission ðŸš€,bullish,1276,3.87
2025-09-03,2025-09-03T15:52:00,stocktwits,PLTR breaking out! Chart looking beautiful ðŸ“ˆ,bullish,1557,4.15
2025-09-03,2025-09-03T12:33:00,reddit,$PLTR whale alert! Someone just bought 360K shares,bullish,2567,3.49
2025-09-04,2025-09-04T08:44:00,stocktwits,"Watching $PLTR at $52.24, key level here",neutral,1016,0.72
2025-09-04,2025-09-04T21:11:00,stocktwits,"Watching $PLTR at $52.24, key level here",neutral,3562,0.14
2025-09-04,2025-09-04T07:22:00,reddit,"Watching $PLTR at $52.24, key level here",neutral,3636,1.2
2025-09-04,2025-09-04T09:32:00,stocktwits,"Watching $PLTR at $52.24, key level here",neutral,111,0.55
2025-09-04,2025-09-04T13:43:00,reddit,"Watching $PLTR at $52.24, key level here",neutral,3153,0.69
2025-09-05,2025-09-05T17:43:00,stocktwits,This PLTR setup reminds me of the last breakout,bullish,3128,4.49
2025-09-05,2025-09-05T07:30:00,twitter,Government contracts = PLTR moon mission ðŸš€,bullish,1774,4.17
2025-09-05,2025-09-05T18:30:00,reddit,$PLTR whale alert! Someone just bought 353K shares,bullish,4051,3.32
2025-09-05,2025-09-05T14:42:00,twitter,"Big money moving into $PLTR, watch this",bullish,447,5.0
2025-09-05,2025-09-05T18:01:00,twitter,$PLTR whale alert! Someone just bought 111K shares,bullish,4055,2.2
2025-09-05,2025-09-05T13:27:00,stocktwits,PLTR weekly calls printing! Target $59.83,bullish,4912,4.07
2025-09-05,2025-09-05T15:52:00,stocktwits,Government contracts = PLTR moon mission ðŸš€,bullish,1988,4.6
2025-09-05,2025-09-05T09:39:00,stocktwits,Government contracts = PLTR moon mission ðŸš€,bullish,4871,3.86
2025-09-05,2025-09-05T11:20:00,twitter,PLTR above all key moving averages = bullish,bullish,3674,3.84
2025-09-08,2025-09-08T20:29:00,twitter,"Watching $PLTR at $54.89, key level here",neutral,4956,0.18
2025-09-08,2025-09-08T14:09:00,reddit,"Watching $PLTR at $54.89, key level here",neutral,2344,1.24
2025-09-08,2025-09-08T10:44:00,twitter,"Watching $PLTR at $54.89, key level here",neutral,2805,0.9
2025-09-08,2025-09-08T07:47:00,reddit,PLTR breaking out! Chart looking beautiful ðŸ“ˆ,bullish,312,3.37
2025-09-08,2025-09-08T14:57:00,stocktwits,"Watching $PLTR at $54.89, key level here",neutral,4954,1.31
2025-09-08,2025-09-08T18:26:00,reddit,PLTR weekly calls printing! Target $60.38,bullish,3610,1.63
2025-09-08,2025-09-08T17:16:00,reddit,"Watching $PLTR at $54.89, key level here",neutral,1861,0.02
2025-09-08,2025-09-08T10:15:00,reddit,"Big money moving into $PLTR, watch this",bullish,979,1.66
2025-09-08,2025-09-08T19:59:00,reddit,"Watching $PLTR at $54.89, key level here",neutral,4135,-0.39
2025-09-08,2025-09-08T07:40:00,twitter,PLTR above all key moving averages = bullish,bullish,2817,2.34
2025-09-08,2025-09-08T09:49:00,twitter,"Watching $PLTR at $54.89, key level here",neutral,1665,0.18
2025-09-09,2025-09-09T20:45:00,reddit,PLTR breaking out! Chart looking beautiful ðŸ“ˆ,bullish,1076,1.5
2025-09-09,2025-09-09T20:48:00,reddit,Government contracts = PLTR moon mission ðŸš€,bullish,3120,1.65
2025-09-09,2025-09-09T17:08:00,stocktwits,"Watching $PLTR at $55.85, key level here",neutral,3301,1.16
2025-09-09,2025-09-09T13:15:00,stocktwits,PLTR above all key moving averages = bullish,bullish,662,2.57
2025-09-09,2025-09-09T10:44:00,reddit,"Watching $PLTR at $55.85, key level here",neutral,4294,0.69
2025-09-09,2025-09-09T12:52:00,reddit,"Watching $PLTR at $55.85, key level here",neutral,3259,0.86
2025-09-09,2025-09-09T06:13:00,twitter,PLTR above all key moving averages = bullish,bullish,2163,1.81
2025-09-09,2025-09-09T08:33:00,reddit,PLTR above all key moving averages = bullish,bullish,4124,1.59
2025-09-09,2025-09-09T22:45:00,reddit,"Accumulating more $PLTR here, this won't stay under $55.85 long",bullish,2533,1.97
2025-09-09,2025-09-09T16:22:00,stocktwits,"Watching $PLTR at $55.85, key level here",neutral,2396,-0.66
2025-09-09,2025-09-09T15:40:00,reddit,"Watching $PLTR at $55.85, key level here",neutral,3528,1.34
2025-09-09,2025-09-09T08:39:00,reddit,"Accumulating more $PLTR here, this won't stay under $55.85 long",bullish,2029,1.91
2025-09-09,2025-09-09T15:46:00,twitter,Dark pool activity in PLTR picking up ðŸ‘€,bullish,3402,2.0
2025-09-10,2025-09-10T22:21:00,twitter,"Watching $PLTR at $55.47, key level here",neutral,2430,0.39
2025-09-10,2025-09-10T12:12:00,twitter,"This PLTR rally feels weak, be careful",bearish,2390,-1.57
2025-09-10,2025-09-10T08:08:00,stocktwits,"Watching $PLTR at $55.47, key level here",neutral,2915,-0.52
2025-09-10,2025-09-10T07:41:00,stocktwits,"Watching $PLTR at $55.47, key level here",neutral,1720,-0.89
2025-09-10,2025-09-10T21:53:00,stocktwits,"Watching $PLTR at $55.47, key level here",neutral,1966,-0.66
2025-09-10,2025-09-10T18:51:00,reddit,Dark pools showing distribution in $PLTR,bearish,1784,-1.64
2025-09-10,2025-09-10T08:41:00,reddit,"Watching $PLTR at $55.47, key level here",neutral,3472,0.6
2025-09-10,2025-09-10T21:13:00,reddit,"Watching $PLTR at $55.47, key level here",neutral,2925,-1.31
2025-09-10,2025-09-10T13:09:00,stocktwits,"Watching $PLTR at $55.47, key level here",neutral,4267,-0.49
2025-09-10,2025-09-10T09:38:00,twitter,"Watching $PLTR at $55.47, key level here",neutral,466,-0.64
2025-09-11,2025-09-11T21:44:00,twitter,PLTR above all key moving averages = bullish,bullish,1099,3.91
2025-09-11,2025-09-11T07:05:00,reddit,"Watching $PLTR at $57.11, key level here",neutral,4068,1.41
2025-09-11,2025-09-11T21:00:00,reddit,PLTR breaking out! Chart looking beautiful ðŸ“ˆ,bullish,3622,2.65
2025-09-11,2025-09-11T18:36:00,stocktwits,PLTR weekly calls printing! Target $62.82,bullish,3334,3.47
2025-09-11,2025-09-11T15:53:00,reddit,Dark pool activity in PLTR picking up ðŸ‘€,bullish,3385,3.66
2025-09-11,2025-09-11T14:45:00,reddit,"Watching $PLTR at $57.11, key level here",neutral,3178,1.04
2025-09-11,2025-09-11T18:14:00,twitter,Institutions loading $PLTR at these levels,bullish,752,4.11
2025-09-12,2025-09-12T10:39:00,reddit,"Watching $PLTR at $57.76, key level here",neutral,4475,0.69
2025-09-12,2025-09-12T21:35:00,twitter,"Watching $PLTR at $57.76, key level here",neutral,2194,-0.44
2025-09-12,2025-09-12T12:07:00,twitter,"Watching $PLTR at $57.76, key level here",neutral,1365,0.19
2025-09-12,2025-09-12T12:15:00,stocktwits,"Watching $PLTR at $57.76, key level here",neutral,4944,0.74
2025-09-12,2025-09-12T12:45:00,stocktwits,"Accumulating more $PLTR here, this won't stay under $57.76 long",bullish,3094,2.4
2025-09-12,2025-09-12T15:47:00,reddit,"Watching $PLTR at $57.76, key level here",neutral,2057,-0.28
2025-09-12,2025-09-12T15:36:00,twitter,"Watching $PLTR at $57.76, key level here",neutral,3617,0.46
2025-09-12,2025-09-12T16:39:00,stocktwits,Dark pool activity in PLTR picking up ðŸ‘€,bullish,4233,1.96
2025-09-12,2025-09-12T17:09:00,twitter,"Watching $PLTR at $57.76, key level here",neutral,2443,0.65
2025-09-15,2025-09-15T08:31:00,reddit,"Watching $PLTR at $57.89, key level here",neutral,4599,-0.29
2025-09-15,2025-09-15T17:25:00,reddit,"Watching $PLTR at $57.89, key level here",neutral,2266,0.15
2025-09-15,2025-09-15T14:53:00,twitter,"Watching $PLTR at $57.89, key level here",neutral,3850,0.04
2025-09-15,2025-09-15T19:20:00,twitter,"Watching $PLTR at $57.89, key level here",neutral,4215,0.89
2025-09-15,2025-09-15T21:34:00,stocktwits,"$PLTR looking heavy, might see $55.0 soon",bearish,1973,-1.76
2025-09-15,2025-09-15T19:22:00,reddit,"Watching $PLTR at $57.89, key level here",neutral,1898,0.46
2025-09-15,2025-09-15T22:29:00,reddit,"Watching $PLTR at $57.89, key level here",neutral,3750,-0.01
2025-09-15,2025-09-15T17:15:00,twitter,"Watching $PLTR at $57.89, key level here",neutral,1578,0.66
2025-09-15,2025-09-15T08:42:00,twitter,"Big money moving into $PLTR, watch this",bullish,3561,1.5
2025-09-15,2025-09-15T06:39:00,reddit,"Watching $PLTR at $57.89, key level here",neutral,2317,-0.25
2025-09-15,2025-09-15T21:11:00,reddit,"Watching $PLTR at $57.89, key level here",neutral,55,-0.32
2025-09-15,2025-09-15T21:32:00,twitter,PLTR weekly calls printing! Target $63.68,bullish,1051,2.12
2025-09-16,2025-09-16T16:13:00,stocktwits,"Watching $PLTR at $58.51, key level here",neutral,2754,-0.14
2025-09-16,2025-09-16T10:59:00,twitter,"Watching $PLTR at $58.51, key level here",neutral,1111,1.47
2025-09-16,2025-09-16T09:34:00,stocktwits,Institutions loading $PLTR at these levels,bullish,88,1.91
2025-09-16,2025-09-16T16:47:00,stocktwits,This PLTR setup reminds me of the last breakout,bullish,2230,1.64
2025-09-16,2025-09-16T06:34:00,twitter,"Watching $PLTR at $58.51, key level here",neutral,967,0.87
2025-09-16,2025-09-16T10:02:00,reddit,"Watching $PLTR at $58.51, key level here",neutral,1412,1.17
2025-09-17,2025-09-17T11:51:00,twitter,"Watching $PLTR at $58.7, key level here",neutral,1103,-0.24
2025-09-17,2025-09-17T06:13:00,reddit,$PLTR whale alert! Someone just bought 243K shares,bullish,3840,1.51
2025-09-17,2025-09-17T11:48:00,stocktwits,"Watching $PLTR at $58.7, key level here",neutral,475,0.09
2025-09-17,2025-09-17T12:57:00,stocktwits,"Watching $PLTR at $58.7, key level here",neutral,3429,0.57
2025-09-17,2025-09-17T07:25:00,twitter,"Watching $PLTR at $58.7, key level here",neutral,3601,1.26
2025-09-17,2025-09-17T22:45:00,twitter,"Watching $PLTR at $58.7, key level here",neutral,1022,-0.31
2025-09-17,2025-09-17T07:13:00,twitter,"Watching $PLTR at $58.7, key level here",neutral,2284,-0.0
2025-09-17,2025-09-17T13:10:00,twitter,"Watching $PLTR at $58.7, key level here",neutral,3108,0.43
2025-09-17,2025-09-17T18:56:00,twitter,"Watching $PLTR at $58.7, key level here",neutral,1523,-0.95
2025-09-17,2025-09-17T16:47:00,twitter,"Watching $PLTR at $58.7, key level here",neutral,908,0.28
2025-09-17,2025-09-17T08:23:00,twitter,"Watching $PLTR at $58.7, key level here",neutral,4792,-0.6
2025-09-18,2025-09-18T07:25:00,stocktwits,"Watching $PLTR at $59.27, key level here",neutral,2675,1.26
2025-09-18,2025-09-18T11:46:00,reddit,"Watching $PLTR at $59.27, key level here",neutral,4716,0.8
2025-09-18,2025-09-18T06:03:00,stocktwits,"Watching $PLTR at $59.27, key level here",neutral,4628,1.3
2025-09-18,2025-09-18T22:37:00,stocktwits,"Watching $PLTR at $59.27, key level here",neutral,4171,1.09
2025-09-18,2025-09-18T06:47:00,stocktwits,"Accumulating more $PLTR here, this won't stay under $59.27 long",bullish,1008,1.91
2025-09-18,2025-09-18T07:59:00,stocktwits,"Watching $PLTR at $59.27, key level here",neutral,1391,0.58
2025-09-18,2025-09-18T20:22:00,stocktwits,"Watching $PLTR at $59.27, key level here",neutral,2651,-0.89
2025-09-19,2025-09-19T18:00:00,reddit,This PLTR setup reminds me of the last breakout,bullish,3064,1.56
2025-09-19,2025-09-19T22:42:00,stocktwits,"Watching $PLTR at $60.57, key level here",neutral,486,1.37
2025-09-19,2025-09-19T11:37:00,twitter,"Watching $PLTR at $60.57, key level here",neutral,2236,-0.5
2025-09-19,2025-09-19T18:29:00,stocktwits,PLTR weekly calls printing! Target $66.63,bullish,1525,1.52
2025-09-19,2025-09-19T20:55:00,twitter,"Watching $PLTR at $60.57, key level here",neutral,2390,1.19
2025-09-19,2025-09-19T19:06:00,stocktwits,$PLTR whale alert! Someone just bought 23K shares,bullish,4813,4.09
2025-09-19,2025-09-19T19:19:00,stocktwits,Government contracts = PLTR moon mission ðŸš€,bullish,3441,3.44
2025-09-19,2025-09-19T07:17:00,stocktwits,"Watching $PLTR at $60.57, key level here",neutral,587,0.88
2025-09-19,2025-09-19T08:32:00,stocktwits,PLTR breaking out! Chart looking beautiful ðŸ“ˆ,bullish,3909,1.83
2025-09-19,2025-09-19T20:55:00,reddit,"Watching $PLTR at $60.57, key level here",neutral,137,1.31
2025-09-19,2025-09-19T17:23:00,stocktwits,Government contracts = PLTR moon mission ðŸš€,bullish,2813,3.05
2025-09-22,2025-09-22T21:19:00,reddit,"Big money moving into $PLTR, watch this",bullish,1832,1.76
2025-09-22,2025-09-22T10:45:00,stocktwits,Institutions loading $PLTR at these levels,bullish,4976,2.43
2025-09-22,2025-09-22T17:25:00,reddit,"Big money moving into $PLTR, watch this",bullish,3248,2.29
2025-09-22,2025-09-22T13:37:00,twitter,PLTR weekly calls printing! Target $67.7,bullish,4633,3.32
2025-09-22,2025-09-22T18:21:00,stocktwits,PLTR weekly calls printing! Target $67.7,bullish,3275,1.94
2025-09-22,2025-09-22T20:19:00,stocktwits,"Watching $PLTR at $61.55, key level here",neutral,216,1.23
2025-09-22,2025-09-22T06:29:00,stocktwits,Institutions loading $PLTR at these levels,bullish,558,1.53
2025-09-23,2025-09-23T13:48:00,stocktwits,$PLTR whale alert! Someone just bought 44K shares,bullish,1558,1.75
2025-09-23,2025-09-23T07:42:00,stocktwits,"Watching $PLTR at $62.03, key level here",neutral,3877,1.38
2025-09-23,2025-09-23T09:33:00,stocktwits,"Watching $PLTR at $62.03, key level here",neutral,2341,0.66
2025-09-23,2025-09-23T08:08:00,twitter,"Watching $PLTR at $62.03, key level here",neutral,3641,1.34
2025-09-23,2025-09-23T14:38:00,stocktwits,"Watching $PLTR at $62.03, key level here",neutral,1289,-0.59
2025-09-23,2025-09-23T14:14:00,twitter,"Watching $PLTR at $62.03, key level here",neutral,4725,1.22
2025-09-23,2025-09-23T06:34:00,twitter,"Watching $PLTR at $62.03, key level here",neutral,1924,-0.07
2025-09-23,2025-09-23T13:24:00,reddit,"Watching $PLTR at $62.03, key level here",neutral,3178,1.42
2025-09-24,2025-09-24T19:38:00,stocktwits,Government contracts = PLTR moon mission ðŸš€,bullish,2894,2.18
2025-09-24,2025-09-24T06:21:00,twitter,"Watching $PLTR at $61.99, key level here",neutral,4573,-0.18
2025-09-24,2025-09-24T19:28:00,reddit,"Watching $PLTR at $61.99, key level here",neutral,4898,0.61
2025-09-24,2025-09-24T20:07:00,stocktwits,"Watching $PLTR at $61.99, key level here",neutral,2514,0.51
2025-09-24,2025-09-24T20:19:00,stocktwits,"Watching $PLTR at $61.99, key level here",neutral,2111,-0.51
2025-09-24,2025-09-24T14:02:00,twitter,PLTR weekly calls printing! Target $68.19,bullish,1534,1.69
2025-09-24,2025-09-24T13:19:00,reddit,"Watching $PLTR at $61.99, key level here",neutral,2826,1.18
2025-09-24,2025-09-24T13:14:00,twitter,"Watching $PLTR at $61.99, key level here",neutral,3256,-0.54
2025-09-24,2025-09-24T17:17:00,stocktwits,"Watching $PLTR at $61.99, key level here",neutral,3545,-0.72
2025-09-24,2025-09-24T08:20:00,twitter,"Watching $PLTR at $61.99, key level here",neutral,3076,-0.5
2025-09-24,2025-09-24T09:33:00,twitter,"Watching $PLTR at $61.99, key level here",neutral,811,-0.7
2025-09-24,2025-09-24T08:09:00,stocktwits,"Watching $PLTR at $61.99, key level here",neutral,4110,-0.25
2025-09-25,2025-09-25T18:47:00,twitter,"Big money moving into $PLTR, watch this",bullish,3651,2.52
2025-09-25,2025-09-25T17:56:00,twitter,"Big money moving into $PLTR, watch this",bullish,3355,2.07
2025-09-25,2025-09-25T07:00:00,reddit,"Big money moving into $PLTR, watch this",bullish,4191,3.43
2025-09-25,2025-09-25T08:30:00,stocktwits,"Watching $PLTR at $63.55, key level here",neutral,2796,1.01
2025-09-25,2025-09-25T20:13:00,twitter,$PLTR whale alert! Someone just bought 202K shares,bullish,4348,3.09
2025-09-25,2025-09-25T10:49:00,twitter,PLTR weekly calls printing! Target $69.91,bullish,4415,2.69
2025-09-25,2025-09-25T13:08:00,reddit,"Watching $PLTR at $63.55, key level here",neutral,4299,1.13
2025-09-25,2025-09-25T12:16:00,twitter,This PLTR setup reminds me of the last breakout,bullish,2953,1.95
2025-09-25,2025-09-25T08:38:00,reddit,$PLTR whale alert! Someone just bought 357K shares,bullish,1241,2.45
2025-09-25,2025-09-25T06:42:00,stocktwits,PLTR above all key moving averages = bullish,bullish,4531,3.73
2025-09-25,2025-09-25T06:39:00,twitter,"Big money moving into $PLTR, watch this",bullish,2296,2.03
2025-09-25,2025-09-25T17:29:00,stocktwits,"Watching $PLTR at $63.55, key level here",neutral,1282,1.46
2025-09-25,2025-09-25T16:34:00,twitter,This PLTR setup reminds me of the last breakout,bullish,4608,2.0
2025-09-25,2025-09-25T15:32:00,twitter,This PLTR setup reminds me of the last breakout,bullish,3701,4.12
2025-09-25,2025-09-25T06:12:00,twitter,Government contracts = PLTR moon mission ðŸš€,bullish,1502,2.07
2025-09-26,2025-09-26T21:10:00,stocktwits,"Watching $PLTR at $63.13, key level here",neutral,4106,-0.5
2025-09-26,2025-09-26T15:59:00,reddit,"Watching $PLTR at $63.13, key level here",neutral,3820,0.05
2025-09-26,2025-09-26T07:14:00,stocktwits,"Watching $PLTR at $63.13, key level here",neutral,4936,0.38
2025-09-26,2025-09-26T13:10:00,twitter,"Watching $PLTR at $63.13, key level here",neutral,4526,-0.94
2025-09-26,2025-09-26T06:31:00,twitter,"Watching $PLTR at $63.13, key level here",neutral,4455,-0.07
2025-09-26,2025-09-26T22:38:00,reddit,"Watching $PLTR at $63.13, key level here",neutral,4987,-0.41
2025-09-26,2025-09-26T12:35:00,twitter,"Watching $PLTR at $63.13, key level here",neutral,2184,-1.22
2025-09-26,2025-09-26T20:12:00,stocktwits,"Watching $PLTR at $63.13, key level here",neutral,3600,0.35
2025-09-26,2025-09-26T11:38:00,reddit,"Watching $PLTR at $63.13, key level here",neutral,3771,-0.17
2025-09-26,2025-09-26T21:32:00,twitter,"Watching $PLTR at $63.13, key level here",neutral,1555,0.13
2025-09-26,2025-09-26T08:12:00,twitter,"PLTR failing at key levels, bearish setup",bearish,3189,-1.55
2025-09-29,2025-09-29T21:54:00,twitter,"Watching $PLTR at $64.28, key level here",neutral,558,0.28
2025-09-29,2025-09-29T08:46:00,stocktwits,"Big money moving into $PLTR, watch this",bullish,784,2.83
2025-09-29,2025-09-29T18:33:00,reddit,"Watching $PLTR at $64.28, key level here",neutral,1893,1.26
2025-09-29,2025-09-29T12:50:00,twitter,Institutions loading $PLTR at these levels,bullish,4668,1.61
2025-09-29,2025-09-29T19:27:00,reddit,"Accumulating more $PLTR here, this won't stay under $64.28 long",bullish,4760,1.65
2025-09-29,2025-09-29T06:47:00,twitter,"Watching $PLTR at $64.28, key level here",neutral,3004,0.41
2025-09-29,2025-09-29T07:33:00,reddit,Dark pool activity in PLTR picking up ðŸ‘€,bullish,1447,1.9
2025-09-29,2025-09-29T22:59:00,reddit,Dark pool activity in PLTR picking up ðŸ‘€,bullish,3170,2.2
2025-09-29,2025-09-29T19:03:00,twitter,PLTR weekly calls printing! Target $70.71,bullish,2052,2.68
2025-09-29,2025-09-29T08:45:00,reddit,"Watching $PLTR at $64.28, key level here",neutral,3819,0.6
2025-09-29,2025-09-29T13:08:00,twitter,Institutions loading $PLTR at these levels,bullish,4114,2.15
2025-09-29,2025-09-29T11:11:00,stocktwits,"Watching $PLTR at $64.28, key level here",neutral,4064,1.2
2025-09-29,2025-09-29T08:39:00,stocktwits,"Accumulating more $PLTR here, this won't stay under $64.28 long",bullish,2185,3.0
2025-09-30,2025-09-30T15:31:00,twitter,"Watching $PLTR at $65.6, key level here",neutral,2448,1.11
2025-09-30,2025-09-30T06:41:00,twitter,"Big money moving into $PLTR, watch this",bullish,2254,2.12
2025-09-30,2025-09-30T11:11:00,stocktwits,Government contracts = PLTR moon mission ðŸš€,bullish,1656,2.36
2025-09-30,2025-09-30T15:24:00,twitter,PLTR breaking out! Chart looking beautiful ðŸ“ˆ,bullish,4599,3.01
2025-09-30,2025-09-30T07:54:00,reddit,$PLTR whale alert! Someone just bought 409K shares,bullish,2140,2.44
2025-09-30,2025-09-30T16:46:00,twitter,Dark pool activity in PLTR picking up ðŸ‘€,bullish,4932,2.76
2025-10-01,2025-10-01T14:46:00,twitter,"Watching $PLTR at $66.52, key level here",neutral,102,0.31
2025-10-01,2025-10-01T18:09:00,twitter,"Watching $PLTR at $66.52, key level here",neutral,1219,0.95
2025-10-01,2025-10-01T21:30:00,stocktwits,This PLTR setup reminds me of the last breakout,bullish,2579,1.87
2025-10-01,2025-10-01T08:15:00,stocktwits,"Watching $PLTR at $66.52, key level here",neutral,2058,-0.76
2025-10-01,2025-10-01T06:22:00,twitter,"Watching $PLTR at $66.52, key level here",neutral,3018,0.57
2025-10-01,2025-10-01T21:11:00,reddit,"Watching $PLTR at $66.52, key level here",neutral,680,0.6
2025-10-01,2025-10-01T14:35:00,reddit,Dark pool activity in PLTR picking up ðŸ‘€,bullish,3215,1.61
2025-10-01,2025-10-01T12:09:00,twitter,"Watching $PLTR at $66.52, key level here",neutral,716,0.23
2025-10-01,2025-10-01T19:18:00,reddit,PLTR breaking out! Chart looking beautiful ðŸ“ˆ,bullish,514,1.82
2025-10-02,2025-10-02T16:00:00,twitter,Dark pool activity in PLTR picking up ðŸ‘€,bullish,4147,1.63
2025-10-02,2025-10-02T07:58:00,reddit,"Watching $PLTR at $67.49, key level here",neutral,1749,0.6
2025-10-02,2025-10-02T14:13:00,twitter,"Watching $PLTR at $67.49, key level here",neutral,177,1.48
2025-10-02,2025-10-02T09:54:00,reddit,PLTR weekly calls printing! Target $74.24,bullish,1574,1.8
2025-10-02,2025-10-02T13:55:00,stocktwits,"Watching $PLTR at $67.49, key level here",neutral,4557,1.25
2025-10-02,2025-10-02T15:38:00,reddit,"Watching $PLTR at $67.49, key level here",neutral,1516,0.65
2025-10-02,2025-10-02T22:49:00,twitter,Dark pool activity in PLTR picking up ðŸ‘€,bullish,2328,2.38
2025-10-03,2025-10-03T17:06:00,twitter,"Watching $PLTR at $67.14, key level here",neutral,2370,-1.36
2025-10-03,2025-10-03T13:49:00,twitter,"Watching $PLTR at $67.14, key level here",neutral,2782,-0.68
2025-10-03,2025-10-03T10:02:00,stocktwits,"Watching $PLTR at $67.14, key level here",neutral,2249,-1.03
2025-10-03,2025-10-03T15:46:00,reddit,"Watching $PLTR at $67.14, key level here",neutral,4322,0.03
2025-10-03,2025-10-03T19:32:00,reddit,"Watching $PLTR at $67.14, key level here",neutral,1423,-1.12
2025-10-03,2025-10-03T20:55:00,twitter,"Watching $PLTR at $67.14, key level here",neutral,327,-0.06
2025-10-03,2025-10-03T15:29:00,stocktwits,"Watching $PLTR at $67.14, key level here",neutral,2296,-0.01
2025-10-03,2025-10-03T11:15:00,twitter,"Watching $PLTR at $67.14, key level here",neutral,2581,-0.62
2025-10-03,2025-10-03T08:55:00,stocktwits,"This PLTR rally feels weak, be careful",bearish,3129,-2.46
2025-10-03,2025-10-03T18:04:00,twitter,"Watching $PLTR at $67.14, key level here",neutral,2339,-0.9
2025-10-03,2025-10-03T08:51:00,reddit,"Watching $PLTR at $67.14, key level here",neutral,3595,-1.24
2025-10-03,2025-10-03T15:07:00,stocktwits,"Watching $PLTR at $67.14, key level here",neutral,291,1.03
2025-10-03,2025-10-03T11:42:00,reddit,"Watching $PLTR at $67.14, key level here",neutral,3388,-0.48
2025-10-06,2025-10-06T18:49:00,stocktwits,$PLTR whale alert! Someone just bought 407K shares,bullish,976,2.78
2025-10-06,2025-10-06T14:46:00,stocktwits,Institutions loading $PLTR at these levels,bullish,3872,3.12
2025-10-06,2025-10-06T16:25:00,reddit,"Big money moving into $PLTR, watch this",bullish,2005,3.28
2025-10-06,2025-10-06T21:45:00,reddit,"Watching $PLTR at $68.74, key level here",neutral,1426,0.98
2025-10-06,2025-10-06T14:55:00,twitter,"Watching $PLTR at $68.74, key level here",neutral,63,0.3
2025-10-06,2025-10-06T08:40:00,reddit,"Accumulating more $PLTR here, this won't stay under $68.74 long",bullish,2064,3.91
2025-10-06,2025-10-06T22:12:00,twitter,"Watching $PLTR at $68.74, key level here",neutral,4880,1.13
2025-10-06,2025-10-06T20:21:00,reddit,$PLTR whale alert! Someone just bought 176K shares,bullish,1609,4.12
2025-10-07,2025-10-07T15:45:00,twitter,PLTR above all key moving averages = bullish,bullish,2581,3.34
2025-10-07,2025-10-07T09:54:00,stocktwits,PLTR breaking out! Chart looking beautiful ðŸ“ˆ,bullish,3542,4.64
2025-10-07,2025-10-07T11:02:00,stocktwits,PLTR weekly calls printing! Target $78.91,bullish,4597,3.36
2025-10-07,2025-10-07T20:26:00,stocktwits,PLTR above all key moving averages = bullish,bullish,876,4.63
2025-10-07,2025-10-07T06:57:00,twitter,Dark pool activity in PLTR picking up ðŸ‘€,bullish,4287,4.01
2025-10-07,2025-10-07T15:18:00,stocktwits,$PLTR whale alert! Someone just bought 66K shares,bullish,4387,4.52
2025-10-07,2025-10-07T16:57:00,stocktwits,PLTR weekly calls printing! Target $78.91,bullish,422,4.48
2025-10-07,2025-10-07T13:13:00,stocktwits,Institutions loading $PLTR at these levels,bullish,918,3.76
2025-10-07,2025-10-07T10:31:00,twitter,Institutions loading $PLTR at these levels,bullish,3003,4.45
2025-10-07,2025-10-07T08:32:00,stocktwits,PLTR breaking out! Chart looking beautiful ðŸ“ˆ,bullish,1209,4.49
2025-10-07,2025-10-07T15:42:00,reddit,Institutions loading $PLTR at these levels,bullish,1183,4.74
2025-10-07,2025-10-07T18:38:00,reddit,Institutions loading $PLTR at these levels,bullish,1856,6.14
2025-10-08,2025-10-08T16:15:00,twitter,"Watching $PLTR at $71.69, key level here",neutral,3865,-0.98
2025-10-08,2025-10-08T07:35:00,stocktwits,"Watching $PLTR at $71.69, key level here",neutral,4590,0.06
2025-10-08,2025-10-08T21:26:00,reddit,"Watching $PLTR at $71.69, key level here",neutral,3014,0.38
2025-10-08,2025-10-08T08:33:00,reddit,Dark pool activity in PLTR picking up ðŸ‘€,bullish,3721,3.09
2025-10-08,2025-10-08T16:59:00,reddit,"Watching $PLTR at $71.69, key level here",neutral,2437,0.54
2025-10-08,2025-10-08T06:54:00,reddit,"Watching $PLTR at $71.69, key level here",neutral,3269,0.29
2025-10-08,2025-10-08T13:12:00,stocktwits,"Watching $PLTR at $71.69, key level here",neutral,4886,1.45
2025-10-08,2025-10-08T09:59:00,twitter,"Watching $PLTR at $71.69, key level here",neutral,46,0.07
2025-10-08,2025-10-08T14:40:00,twitter,Major resistance at $68.11 for PLTR,bearish,3803,-2.41
2025-10-08,2025-10-08T11:27:00,reddit,"Watching $PLTR at $71.69, key level here",neutral,4072,1.32
2025-10-08,2025-10-08T10:21:00,stocktwits,"Accumulating more $PLTR here, this won't stay under $71.69 long",bullish,3571,1.77
2025-10-08,2025-10-08T13:27:00,twitter,"Watching $PLTR at $71.69, key level here",neutral,1964,-1.27
2025-10-08,2025-10-08T09:04:00,stocktwits,"Watching $PLTR at $71.69, key level here",neutral,3473,0.29
2025-10-08,2025-10-08T06:20:00,stocktwits,"Watching $PLTR at $71.69, key level here",neutral,3469,0.21
2025-10-09,2025-10-09T10:01:00,stocktwits,$PLTR whale alert! Someone just bought 152K shares,bullish,1152,2.0
2025-10-09,2025-10-09T17:59:00,reddit,Dark pool activity in PLTR picking up ðŸ‘€,bullish,182,2.33
2025-10-09,2025-10-09T17:03:00,reddit,"Watching $PLTR at $72.84, key level here",neutral,2993,1.04
2025-10-09,2025-10-09T18:54:00,twitter,Dark pool activity in PLTR picking up ðŸ‘€,bullish,1732,1.75
2025-10-09,2025-10-09T07:47:00,reddit,This PLTR setup reminds me of the last breakout,bullish,3452,3.7
2025-10-09,2025-10-09T11:00:00,stocktwits,PLTR breaking out! Chart looking beautiful ðŸ“ˆ,bullish,3289,3.03
2025-10-09,2025-10-09T08:40:00,reddit,"Big money moving into $PLTR, watch this",bullish,3322,1.7
2025-10-09,2025-10-09T20:00:00,reddit,PLTR above all key moving averages = bullish,bullish,2609,2.13
2025-10-09,2025-10-09T08:01:00,stocktwits,"Watching $PLTR at $72.84, key level here",neutral,1658,1.17
2025-10-09,2025-10-09T14:28:00,twitter,Government contracts = PLTR moon mission ðŸš€,bullish,4877,3.58
2025-10-09,2025-10-09T11:20:00,twitter,Government contracts = PLTR moon mission ðŸš€,bullish,3683,3.36
2025-10-09,2025-10-09T06:11:00,reddit,"Watching $PLTR at $72.84, key level here",neutral,400,1.46
2025-10-09,2025-10-09T12:30:00,stocktwits,"Watching $PLTR at $72.84, key level here",neutral,3092,1.33
2025-10-10,2025-10-10T06:11:00,reddit,This PLTR setup reminds me of the last breakout,bullish,4942,8.04
2025-10-10,2025-10-10T12:57:00,twitter,This PLTR setup reminds me of the last breakout,bullish,4776,8.8
2025-10-10,2025-10-10T10:34:00,twitter,PLTR above all key moving averages = bullish,bullish,2515,6.44
2025-10-10,2025-10-10T22:45:00,reddit,Institutions loading $PLTR at these levels,bullish,4424,7.61
2025-10-10,2025-10-10T19:09:00,reddit,This PLTR setup reminds me of the last breakout,bullish,3223,5.05
2025-10-10,2025-10-10T19:52:00,reddit,"Accumulating more $PLTR here, this won't stay under $78.91 long",bullish,2568,6.68
2025-10-10,2025-10-10T12:30:00,stocktwits,PLTR above all key moving averages = bullish,bullish,1241,8.4
2025-10-10,2025-10-10T19:05:00,twitter,This PLTR setup reminds me of the last breakout,bullish,3979,6.34
2025-10-10,2025-10-10T17:00:00,twitter,PLTR above all key moving averages = bullish,bullish,407,7.25
2025-10-10,2025-10-10T12:00:00,reddit,Dark pool activity in PLTR picking up ðŸ‘€,bullish,2191,9.55
2025-10-10,2025-10-10T08:21:00,reddit,PLTR weekly calls printing! Target $86.8,bullish,3190,7.43
2025-10-13,2025-10-13T13:52:00,twitter,PLTR above all key moving averages = bullish,bullish,809,7.52
2025-10-13,2025-10-13T15:58:00,twitter,PLTR weekly calls printing! Target $92.14,bullish,1957,6.59
2025-10-13,2025-10-13T20:02:00,reddit,This PLTR setup reminds me of the last breakout,bullish,1626,7.31
2025-10-13,2025-10-13T15:33:00,stocktwits,$PLTR whale alert! Someone just bought 408K shares,bullish,897,4.88
2025-10-13,2025-10-13T08:21:00,twitter,PLTR above all key moving averages = bullish,bullish,3275,6.11
2025-10-13,2025-10-13T18:47:00,reddit,$PLTR whale alert! Someone just bought 28K shares,bullish,1059,5.41
2025-10-13,2025-10-13T17:09:00,reddit,"Accumulating more $PLTR here, this won't stay under $83.76 long",bullish,4386,8.5
2025-10-13,2025-10-13T09:19:00,reddit,PLTR breaking out! Chart looking beautiful ðŸ“ˆ,bullish,3978,4.67
2025-10-13,2025-10-13T08:42:00,twitter,PLTR above all key moving averages = bullish,bullish,1211,6.24
2025-10-13,2025-10-13T21:48:00,twitter,$PLTR whale alert! Someone just bought 129K shares,bullish,940,5.51
2025-10-13,2025-10-13T07:39:00,twitter,"Big money moving into $PLTR, watch this",bullish,2097,6.14
2025-10-13,2025-10-13T06:28:00,stocktwits,"Accumulating more $PLTR here, this won't stay under $83.76 long",bullish,3222,6.92
2025-10-13,2025-10-13T13:02:00,reddit,$PLTR whale alert! Someone just bought 450K shares,bullish,4432,7.29
2025-10-14,2025-10-14T15:48:00,stocktwits,This PLTR setup reminds me of the last breakout,bullish,2103,10.33
2025-10-14,2025-10-14T07:09:00,twitter,PLTR above all key moving averages = bullish,bullish,1091,10.12
2025-10-14,2025-10-14T16:41:00,reddit,PLTR breaking out! Chart looking beautiful ðŸ“ˆ,bullish,4372,10.07
2025-10-14,2025-10-14T20:26:00,twitter,PLTR breaking out! Chart looking beautiful ðŸ“ˆ,bullish,1734,8.18
2025-10-14,2025-10-14T18:52:00,stocktwits,"Accumulating more $PLTR here, this won't stay under $91.76 long",bullish,3222,10.3
2025-10-14,2025-10-14T16:31:00,stocktwits,Dark pool activity in PLTR picking up ðŸ‘€,bullish,3474,9.19
2025-10-14,2025-10-14T17:47:00,stocktwits,"Accumulating more $PLTR here, this won't stay under $91.76 long",bullish,769,11.5
2025-10-14,2025-10-14T15:11:00,stocktwits,PLTR above all key moving averages = bullish,bullish,2858,9.95
2025-10-14,2025-10-14T19:54:00,twitter,Dark pool activity in PLTR picking up ðŸ‘€,bullish,1665,8.0
2025-10-14,2025-10-14T19:24:00,stocktwits,Government contracts = PLTR moon mission ðŸš€,bullish,1714,7.99
2025-10-14,2025-10-14T22:47:00,twitter,PLTR above all key moving averages = bullish,bullish,1773,9.9
2025-10-14,2025-10-14T10:41:00,twitter,PLTR weekly calls printing! Target $100.94,bullish,2693,9.74
2025-10-15,2025-10-15T22:33:00,reddit,Dark pool activity in PLTR picking up ðŸ‘€,bullish,4885,4.06
2025-10-15,2025-10-15T18:23:00,reddit,"Big money moving into $PLTR, watch this",bullish,117,4.11
2025-10-15,2025-10-15T18:34:00,reddit,Government contracts = PLTR moon mission ðŸš€,bullish,2437,3.28
2025-10-15,2025-10-15T12:18:00,reddit,Government contracts = PLTR moon mission ðŸš€,bullish,932,4.31
2025-10-15,2025-10-15T22:55:00,twitter,This PLTR setup reminds me of the last breakout,bullish,454,1.82
2025-10-15,2025-10-15T12:56:00,stocktwits,"Big money moving into $PLTR, watch this",bullish,3748,3.46
2025-10-15,2025-10-15T13:56:00,twitter,Institutions loading $PLTR at these levels,bullish,1486,3.78
2025-10-15,2025-10-15T19:40:00,twitter,"Watching $PLTR at $94.63, key level here",neutral,747,1.38
2025-10-15,2025-10-15T22:52:00,twitter,PLTR weekly calls printing! Target $104.09,bullish,4949,4.4
2025-10-15,2025-10-15T21:17:00,stocktwits,"Accumulating more $PLTR here, this won't stay under $94.63 long",bullish,2579,3.68
2025-10-15,2025-10-15T18:13:00,stocktwits,PLTR weekly calls printing! Target $104.09,bullish,891,3.08
2025-10-15,2025-10-15T19:34:00,reddit,Government contracts = PLTR moon mission ðŸš€,bullish,2532,1.88
2025-10-15,2025-10-15T13:08:00,reddit,Dark pool activity in PLTR picking up ðŸ‘€,bullish,4800,3.61
2025-10-15,2025-10-15T21:38:00,twitter,Institutions loading $PLTR at these levels,bullish,3203,3.33
2025-10-15,2025-10-15T21:37:00,stocktwits,"Accumulating more $PLTR here, this won't stay under $94.63 long",bullish,126,3.35
2025-10-16,2025-10-16T19:46:00,stocktwits,"Accumulating more $PLTR here, this won't stay under $104.6 long",bullish,231,10.42
2025-10-16,2025-10-16T12:12:00,reddit,Government contracts = PLTR moon mission ðŸš€,bullish,3289,11.48
2025-10-16,2025-10-16T17:08:00,stocktwits,Government contracts = PLTR moon mission ðŸš€,bullish,1764,10.16
2025-10-16,2025-10-16T06:30:00,reddit,"Big money moving into $PLTR, watch this",bullish,527,13.09
2025-10-16,2025-10-16T21:04:00,twitter,Dark pool activity in PLTR picking up ðŸ‘€,bullish,4133,10.87
2025-10-16,2025-10-16T12:42:00,reddit,Institutions loading $PLTR at these levels,bullish,1239,11.66
2025-10-16,2025-10-16T08:28:00,twitter,Institutions loading $PLTR at these levels,bullish,1657,10.23
2025-10-16,2025-10-16T09:58:00,reddit,Institutions loading $PLTR at these levels,bullish,3202,10.0
2025-10-16,2025-10-16T22:32:00,stocktwits,"Accumulating more $PLTR here, this won't stay under $104.6 long",bullish,2546,11.02
2025-10-17,2025-10-17T20:55:00,reddit,PLTR above all key moving averages = bullish,bullish,3521,4.86
2025-10-17,2025-10-17T10:24:00,stocktwits,Government contracts = PLTR moon mission ðŸš€,bullish,1652,5.17
2025-10-17,2025-10-17T20:40:00,reddit,"Accumulating more $PLTR here, this won't stay under $110.65 long",bullish,860,5.58
2025-10-17,2025-10-17T12:45:00,twitter,PLTR breaking out! Chart looking beautiful ðŸ“ˆ,bullish,4164,5.0
2025-10-17,2025-10-17T16:58:00,twitter,"Big money moving into $PLTR, watch this",bullish,2307,6.85
2025-10-17,2025-10-17T17:53:00,twitter,PLTR above all key moving averages = bullish,bullish,2469,7.11
2025-10-17,2025-10-17T06:07:00,reddit,Dark pool activity in PLTR picking up ðŸ‘€,bullish,3881,3.61
2025-10-17,2025-10-17T21:24:00,twitter,This PLTR setup reminds me of the last breakout,bullish,2005,5.57
2025-10-17,2025-10-17T09:14:00,twitter,Government contracts = PLTR moon mission ðŸš€,bullish,540,6.28
2025-10-17,2025-10-17T15:54:00,twitter,Dark pool activity in PLTR picking up ðŸ‘€,bullish,3563,6.26
2025-10-17,2025-10-17T15:45:00,stocktwits,Dark pool activity in PLTR picking up ðŸ‘€,bullish,4170,7.06
2025-10-17,2025-10-17T06:05:00,reddit,Dark pool activity in PLTR picking up ðŸ‘€,bullish,1869,4.27
2025-10-17,2025-10-17T19:08:00,reddit,PLTR breaking out! Chart looking beautiful ðŸ“ˆ,bullish,1673,6.48
2025-10-17,2025-10-17T06:06:00,twitter,PLTR breaking out! Chart looking beautiful ðŸ“ˆ,bullish,1199,5.83
2025-10-20,2025-10-20T12:46:00,reddit,This PLTR setup reminds me of the last breakout,bullish,297,8.77
2025-10-20,2025-10-20T15:45:00,stocktwits,"Big money moving into $PLTR, watch this",bullish,4577,7.92
2025-10-20,2025-10-20T15:35:00,twitter,Dark pool activity in PLTR picking up ðŸ‘€,bullish,2959,9.97
2025-10-20,2025-10-20T22:21:00,stocktwits,"Accumulating more $PLTR here, this won't stay under $121.79 long",bullish,4998,11.1
2025-10-20,2025-10-20T08:05:00,reddit,Government contracts = PLTR moon mission ðŸš€,bullish,4391,11.3
2025-10-20,2025-10-20T17:00:00,reddit,PLTR breaking out! Chart looking beautiful ðŸ“ˆ,bullish,1303,10.65
2025-10-20,2025-10-20T18:24:00,stocktwits,PLTR breaking out! Chart looking beautiful ðŸ“ˆ,bullish,4827,11.06
2025-10-20,2025-10-20T08:10:00,reddit,Institutions loading $PLTR at these levels,bullish,1729,10.57
2025-10-20,2025-10-20T09:49:00,reddit,PLTR weekly calls printing! Target $133.97,bullish,1875,11.06
2025-10-21,2025-10-21T20:31:00,stocktwits,This PLTR setup reminds me of the last breakout,bullish,2503,8.32
2025-10-21,2025-10-21T09:54:00,stocktwits,Government contracts = PLTR moon mission ðŸš€,bullish,1777,8.44
2025-10-21,2025-10-21T14:50:00,stocktwits,"Big money moving into $PLTR, watch this",bullish,3569,6.62
2025-10-21,2025-10-21T08:14:00,reddit,This PLTR setup reminds me of the last breakout,bullish,4811,10.16
2025-10-21,2025-10-21T16:52:00,reddit,PLTR weekly calls printing! Target $145.57,bullish,2211,9.8
2025-10-21,2025-10-21T08:38:00,stocktwits,Institutions loading $PLTR at these levels,bullish,2070,8.43
2025-10-21,2025-10-21T14:01:00,reddit,PLTR weekly calls printing! Target $145.57,bullish,1068,8.36
2025-10-21,2025-10-21T11:45:00,twitter,This PLTR setup reminds me of the last breakout,bullish,1517,8.99
2025-10-21,2025-10-21T06:34:00,twitter,"Big money moving into $PLTR, watch this",bullish,3202,8.45
2025-10-21,2025-10-21T11:11:00,stocktwits,PLTR above all key moving averages = bullish,bullish,2577,7.48
2025-10-21,2025-10-21T15:08:00,stocktwits,"Accumulating more $PLTR here, this won't stay under $132.34 long",bullish,1948,7.52
2025-10-21,2025-10-21T17:16:00,stocktwits,$PLTR whale alert! Someone just bought 426K shares,bullish,4913,9.66
2025-10-21,2025-10-21T16:31:00,stocktwits,PLTR breaking out! Chart looking beautiful ðŸ“ˆ,bullish,4648,10.1
2025-10-21,2025-10-21T20:08:00,reddit,"Accumulating more $PLTR here, this won't stay under $132.34 long",bullish,2468,8.63
2025-10-21,2025-10-21T14:48:00,twitter,Government contracts = PLTR moon mission ðŸš€,bullish,2878,8.72
2025-10-22,2025-10-22T12:32:00,stocktwits,Government contracts = PLTR moon mission ðŸš€,bullish,4402,12.75
2025-10-22,2025-10-22T17:36:00,stocktwits,Government contracts = PLTR moon mission ðŸš€,bullish,4701,10.4
2025-10-22,2025-10-22T13:51:00,stocktwits,"Big money moving into $PLTR, watch this",bullish,2948,12.1
2025-10-22,2025-10-22T19:01:00,twitter,Government contracts = PLTR moon mission ðŸš€,bullish,3464,12.22
2025-10-22,2025-10-22T13:16:00,twitter,PLTR breaking out! Chart looking beautiful ðŸ“ˆ,bullish,4020,11.76
2025-10-22,2025-10-22T06:30:00,twitter,Institutions loading $PLTR at these levels,bullish,4311,12.81
2025-10-22,2025-10-22T07:35:00,reddit,Government contracts = PLTR moon mission ðŸš€,bullish,2063,10.83
2025-10-22,2025-10-22T06:31:00,stocktwits,Dark pool activity in PLTR picking up ðŸ‘€,bullish,1775,10.77
2025-10-22,2025-10-22T21:56:00,twitter,$PLTR whale alert! Someone just bought 70K shares,bullish,4559,12.24
2025-10-22,2025-10-22T08:41:00,twitter,PLTR above all key moving averages = bullish,bullish,4450,12.16
2025-10-23,2025-10-23T14:29:00,reddit,"Big money moving into $PLTR, watch this",bullish,466,11.82
2025-10-23,2025-10-23T16:41:00,twitter,PLTR above all key moving averages = bullish,bullish,3259,11.49
2025-10-23,2025-10-23T17:10:00,reddit,"Accumulating more $PLTR here, this won't stay under $166.45 long",bullish,3038,12.72
2025-10-23,2025-10-23T19:01:00,reddit,This PLTR setup reminds me of the last breakout,bullish,4775,14.05
2025-10-23,2025-10-23T08:14:00,stocktwits,PLTR above all key moving averages = bullish,bullish,4698,13.2
2025-10-23,2025-10-23T22:01:00,reddit,PLTR above all key moving averages = bullish,bullish,4407,12.22
2025-10-23,2025-10-23T19:30:00,twitter,PLTR breaking out! Chart looking beautiful ðŸ“ˆ,bullish,4906,11.02
2025-10-23,2025-10-23T07:47:00,stocktwits,This PLTR setup reminds me of the last breakout,bullish,2311,14.61
2025-10-23,2025-10-23T06:11:00,twitter,This PLTR setup reminds me of the last breakout,bullish,1507,13.47
2025-10-23,2025-10-23T07:38:00,reddit,"Accumulating more $PLTR here, this won't stay under $166.45 long",bullish,2851,11.44
2025-10-23,2025-10-23T20:40:00,reddit,Government contracts = PLTR moon mission ðŸš€,bullish,2078,11.72
2025-10-23,2025-10-23T14:15:00,reddit,"Big money moving into $PLTR, watch this",bullish,3319,11.29
2025-10-23,2025-10-23T18:35:00,twitter,Dark pool activity in PLTR picking up ðŸ‘€,bullish,3500,13.63
2025-10-23,2025-10-23T19:45:00,stocktwits,PLTR above all key moving averages = bullish,bullish,1932,9.99
2025-10-24,2025-10-24T20:48:00,stocktwits,"Accumulating more $PLTR here, this won't stay under $190.26 long",bullish,344,15.88
2025-10-24,2025-10-24T12:44:00,stocktwits,"Big money moving into $PLTR, watch this",bullish,2462,15.09
2025-10-24,2025-10-24T12:47:00,reddit,PLTR above all key moving averages = bullish,bullish,3498,14.98
2025-10-24,2025-10-24T12:20:00,twitter,"Big money moving into $PLTR, watch this",bullish,4629,13.45
2025-10-24,2025-10-24T08:43:00,stocktwits,"Accumulating more $PLTR here, this won't stay under $190.26 long",bullish,507,14.17
2025-10-24,2025-10-24T11:37:00,twitter,"Big money moving into $PLTR, watch this",bullish,3282,13.82
2025-10-27,2025-10-27T13:19:00,reddit,$PLTR whale alert! Someone just bought 270K shares,bullish,1433,7.26
2025-10-27,2025-10-27T16:04:00,reddit,$PLTR whale alert! Someone just bought 286K shares,bullish,3267,9.14
2025-10-27,2025-10-27T17:29:00,reddit,This PLTR setup reminds me of the last breakout,bullish,4381,7.31
2025-10-27,2025-10-27T11:56:00,reddit,This PLTR setup reminds me of the last breakout,bullish,1753,8.57
2025-10-27,2025-10-27T07:16:00,stocktwits,Government contracts = PLTR moon mission ðŸš€,bullish,3318,7.72
2025-10-27,2025-10-27T10:06:00,twitter,$PLTR whale alert! Someone just bought 114K shares,bullish,2820,9.34
2025-10-27,2025-10-27T19:29:00,reddit,"Accumulating more $PLTR here, this won't stay under $205.48 long",bullish,2201,7.93
2025-10-27,2025-10-27T12:53:00,stocktwits,PLTR above all key moving averages = bullish,bullish,1155,7.45
2025-10-28,2025-10-28T19:03:00,twitter,Institutions loading $PLTR at these levels,bullish,2318,12.76
2025-10-28,2025-10-28T07:13:00,stocktwits,$PLTR whale alert! Someone just bought 292K shares,bullish,398,11.84
2025-10-28,2025-10-28T07:16:00,twitter,This PLTR setup reminds me of the last breakout,bullish,1488,13.36
2025-10-28,2025-10-28T22:01:00,twitter,"Accumulating more $PLTR here, this won't stay under $231.2 long",bullish,2698,11.42
2025-10-28,2025-10-28T07:45:00,reddit,PLTR above all key moving averages = bullish,bullish,405,11.69
2025-10-28,2025-10-28T12:49:00,reddit,Government contracts = PLTR moon mission ðŸš€,bullish,2482,13.83
2025-10-28,2025-10-28T18:21:00,stocktwits,Institutions loading $PLTR at these levels,bullish,976,12.6
2025-10-28,2025-10-28T18:52:00,twitter,"Big money moving into $PLTR, watch this",bullish,1087,14.15
2025-10-28,2025-10-28T12:10:00,reddit,PLTR breaking out! Chart looking beautiful ðŸ“ˆ,bullish,2540,13.05
2025-10-28,2025-10-28T21:01:00,twitter,PLTR breaking out! Chart looking beautiful ðŸ“ˆ,bullish,4769,10.77
2025-10-28,2025-10-28T08:37:00,twitter,$PLTR whale alert! Someone just bought 356K shares,bullish,3538,13.16
2025-10-28,2025-10-28T16:35:00,stocktwits,This PLTR setup reminds me of the last breakout,bullish,2605,12.66
2025-10-29,2025-10-29T17:49:00,stocktwits,This PLTR setup reminds me of the last breakout,bullish,237,12.21
2025-10-29,2025-10-29T09:04:00,reddit,PLTR breaking out! Chart looking beautiful ðŸ“ˆ,bullish,2861,11.67
2025-10-29,2025-10-29T14:05:00,reddit,PLTR weekly calls printing! Target $283.67,bullish,842,11.77
2025-10-29,2025-10-29T16:40:00,reddit,"Big money moving into $PLTR, watch this",bullish,2524,9.76
2025-10-29,2025-10-29T19:47:00,reddit,PLTR above all key moving averages = bullish,bullish,503,11.68
2025-10-29,2025-10-29T13:33:00,twitter,Institutions loading $PLTR at these levels,bullish,1679,11.62
2025-10-29,2025-10-29T22:22:00,stocktwits,PLTR above all key moving averages = bullish,bullish,4819,11.81
2025-10-29,2025-10-29T14:54:00,twitter,"Big money moving into $PLTR, watch this",bullish,2133,9.32
2025-10-29,2025-10-29T18:35:00,twitter,PLTR weekly calls printing! Target $283.67,bullish,3205,10.75
2025-10-29,2025-10-29T11:48:00,reddit,$PLTR whale alert! Someone just bought 431K shares,bullish,15,11.31
2025-10-29,2025-10-29T18:11:00,twitter,Government contracts = PLTR moon mission ðŸš€,bullish,2663,10.11
2025-10-29,2025-10-29T14:01:00,stocktwits,PLTR weekly calls printing! Target $283.67,bullish,4393,10.5
2025-10-30,2025-10-30T08:29:00,twitter,$PLTR whale alert! Someone just bought 116K shares,bullish,954,10.76
2025-10-30,2025-10-30T10:47:00,reddit,$PLTR whale alert! Someone just bought 200K shares,bullish,4252,8.3
2025-10-30,2025-10-30T08:05:00,twitter,PLTR weekly calls printing! Target $310.79,bullish,4135,8.32
2025-10-30,2025-10-30T20:55:00,stocktwits,$PLTR whale alert! Someone just bought 305K shares,bullish,2845,8.42
2025-10-30,2025-10-30T14:08:00,stocktwits,PLTR weekly calls printing! Target $310.79,bullish,263,8.74
2025-10-30,2025-10-30T10:22:00,stocktwits,Dark pool activity in PLTR picking up ðŸ‘€,bullish,1234,8.58
2025-10-30,2025-10-30T07:59:00,reddit,PLTR above all key moving averages = bullish,bullish,2707,9.92
2025-10-30,2025-10-30T10:56:00,twitter,Government contracts = PLTR moon mission ðŸš€,bullish,640,9.23
2025-10-30,2025-10-30T07:08:00,stocktwits,"Accumulating more $PLTR here, this won't stay under $282.54 long",bullish,2705,9.59
2025-10-30,2025-10-30T12:47:00,reddit,"Accumulating more $PLTR here, this won't stay under $282.54 long",bullish,1671,10.05
2025-10-30,2025-10-30T20:05:00,reddit,"Accumulating more $PLTR here, this won't stay under $282.54 long",bullish,4754,10.19
2025-10-30,2025-10-30T22:02:00,stocktwits,PLTR breaking out! Chart looking beautiful ðŸ“ˆ,bullish,2976,9.74
2025-10-30,2025-10-30T15:15:00,reddit,PLTR weekly calls printing! Target $310.79,bullish,4693,9.37
2025-10-30,2025-10-30T22:10:00,reddit,Dark pool activity in PLTR picking up ðŸ‘€,bullish,2147,8.5
2025-10-31,2025-10-31T08:33:00,reddit,PLTR above all key moving averages = bullish,bullish,733,10.6
2025-10-31,2025-10-31T09:53:00,stocktwits,"Accumulating more $PLTR here, this won't stay under $310.95 long",bullish,3582,10.48
2025-10-31,2025-10-31T08:26:00,reddit,Dark pool activity in PLTR picking up ðŸ‘€,bullish,1850,9.3
2025-10-31,2025-10-31T14:39:00,reddit,Institutions loading $PLTR at these levels,bullish,1756,9.9
2025-10-31,2025-10-31T10:47:00,twitter,Institutions loading $PLTR at these levels,bullish,3834,10.06
2025-10-31,2025-10-31T13:37:00,twitter,"Accumulating more $PLTR here, this won't stay under $310.95 long",bullish,2314,10.72
2025-10-31,2025-10-31T14:00:00,twitter,PLTR above all key moving averages = bullish,bullish,1199,10.08
2025-10-31,2025-10-31T13:32:00,reddit,This PLTR setup reminds me of the last breakout,bullish,2769,9.6
2025-11-03,2025-11-03T07:24:00,reddit,PLTR above all key moving averages = bullish,bullish,1567,8.8
2025-11-03,2025-11-03T12:11:00,stocktwits,PLTR above all key moving averages = bullish,bullish,3738,8.39
2025-11-03,2025-11-03T12:07:00,reddit,PLTR above all key moving averages = bullish,bullish,1686,10.82
2025-11-03,2025-11-03T07:26:00,stocktwits,Government contracts = PLTR moon mission ðŸš€,bullish,4163,8.87
2025-11-03,2025-11-03T13:58:00,stocktwits,This PLTR setup reminds me of the last breakout,bullish,2696,10.46
2025-11-03,2025-11-03T22:13:00,stocktwits,PLTR above all key moving averages = bullish,bullish,3185,9.57
2025-11-03,2025-11-03T10:07:00,reddit,Institutions loading $PLTR at these levels,bullish,2142,10.49
2025-11-03,2025-11-03T16:07:00,reddit,PLTR breaking out! Chart looking beautiful ðŸ“ˆ,bullish,736,12.24
2025-11-03,2025-11-03T10:40:00,stocktwits,PLTR weekly calls printing! Target $376.32,bullish,4694,9.0
2025-11-03,2025-11-03T15:02:00,reddit,Government contracts = PLTR moon mission ðŸš€,bullish,1590,9.61
2025-11-04,2025-11-04T12:33:00,twitter,Institutions loading $PLTR at these levels,bullish,762,7.39
2025-11-04,2025-11-04T20:00:00,stocktwits,Institutions loading $PLTR at these levels,bullish,396,8.12
2025-11-04,2025-11-04T17:21:00,reddit,PLTR above all key moving averages = bullish,bullish,2513,8.33
2025-11-04,2025-11-04T06:54:00,twitter,PLTR above all key moving averages = bullish,bullish,3514,9.01
2025-11-04,2025-11-04T11:36:00,reddit,PLTR weekly calls printing! Target $406.7,bullish,2500,6.91
2025-11-04,2025-11-04T10:38:00,reddit,"Big money moving into $PLTR, watch this",bullish,3826,6.88
2025-11-04,2025-11-04T11:36:00,stocktwits,PLTR breaking out! Chart looking beautiful ðŸ“ˆ,bullish,2327,8.92
2025-11-04,2025-11-04T16:32:00,reddit,PLTR weekly calls printing! Target $406.7,bullish,1298,7.76
2025-11-04,2025-11-04T09:10:00,stocktwits,PLTR above all key moving averages = bullish,bullish,936,7.04
2025-11-04,2025-11-04T15:58:00,reddit,PLTR above all key moving averages = bullish,bullish,2970,8.99
2025-11-04,2025-11-04T17:46:00,twitter,PLTR above all key moving averages = bullish,bullish,575,7.81
2025-11-04,2025-11-04T17:12:00,reddit,Government contracts = PLTR moon mission ðŸš€,bullish,2894,6.34
2025-11-05,2025-11-05T08:24:00,twitter,$PLTR whale alert! Someone just bought 243K shares,bullish,4416,7.28
2025-11-05,2025-11-05T11:41:00,stocktwits,PLTR weekly calls printing! Target $439.45,bullish,3386,10.21
2025-11-05,2025-11-05T06:18:00,twitter,"Accumulating more $PLTR here, this won't stay under $399.5 long",bullish,4336,9.07
2025-11-05,2025-11-05T11:17:00,reddit,PLTR weekly calls printing! Target $439.45,bullish,1658,7.09
2025-11-05,2025-11-05T06:21:00,reddit,$PLTR whale alert! Someone just bought 244K shares,bullish,1299,9.5
2025-11-05,2025-11-05T13:28:00,reddit,Government contracts = PLTR moon mission ðŸš€,bullish,1729,8.82
2025-11-05,2025-11-05T14:39:00,reddit,"Accumulating more $PLTR here, this won't stay under $399.5 long",bullish,4314,6.01
2025-11-05,2025-11-05T11:35:00,reddit,"Accumulating more $PLTR here, this won't stay under $399.5 long",bullish,66,7.53
2025-11-05,2025-11-05T17:06:00,stocktwits,PLTR breaking out! Chart looking beautiful ðŸ“ˆ,bullish,1944,8.89
2025-11-05,2025-11-05T19:48:00,reddit,PLTR weekly calls printing! Target $439.45,bullish,362,9.71
2025-11-05,2025-11-05T07:38:00,twitter,Government contracts = PLTR moon mission ðŸš€,bullish,4428,7.14
2025-11-05,2025-11-05T16:36:00,twitter,Dark pool activity in PLTR picking up ðŸ‘€,bullish,3297,8.68
2025-11-06,2025-11-06T18:24:00,twitter,Dark pool activity in PLTR picking up ðŸ‘€,bullish,660,6.25
2025-11-06,2025-11-06T16:58:00,stocktwits,Institutions loading $PLTR at these levels,bullish,839,6.64
2025-11-06,2025-11-06T18:06:00,reddit,PLTR breaking out! Chart looking beautiful ðŸ“ˆ,bullish,2581,3.77
2025-11-06,2025-11-06T09:38:00,twitter,"Big money moving into $PLTR, watch this",bullish,1663,6.21
2025-11-06,2025-11-06T18:38:00,twitter,Dark pool activity in PLTR picking up ðŸ‘€,bullish,1041,6.31
2025-11-06,2025-11-06T15:45:00,reddit,Dark pool activity in PLTR picking up ðŸ‘€,bullish,4115,6.77
2025-11-06,2025-11-06T22:32:00,stocktwits,PLTR breaking out! Chart looking beautiful ðŸ“ˆ,bullish,2744,5.16
2025-11-06,2025-11-06T12:22:00,reddit,Institutions loading $PLTR at these levels,bullish,1307,5.42
2025-11-06,2025-11-06T08:15:00,twitter,$PLTR whale alert! Someone just bought 38K shares,bullish,1602,5.38
2025-11-06,2025-11-06T06:21:00,reddit,$PLTR whale alert! Someone just bought 223K shares,bullish,3253,4.16
2025-11-06,2025-11-06T21:43:00,stocktwits,Dark pool activity in PLTR picking up ðŸ‘€,bullish,2266,5.38
2025-11-06,2025-11-06T06:31:00,reddit,"Accumulating more $PLTR here, this won't stay under $421.48 long",bullish,4682,5.14
2025-11-06,2025-11-06T21:39:00,stocktwits,PLTR above all key moving averages = bullish,bullish,506,4.17
2025-11-07,2025-11-07T10:12:00,reddit,"Big money moving into $PLTR, watch this",bullish,3778,8.65
2025-11-07,2025-11-07T16:03:00,stocktwits,PLTR weekly calls printing! Target $509.58,bullish,2944,8.37
2025-11-07,2025-11-07T08:04:00,twitter,Institutions loading $PLTR at these levels,bullish,3307,9.6
2025-11-07,2025-11-07T10:17:00,twitter,PLTR weekly calls printing! Target $509.58,bullish,2138,9.36
2025-11-07,2025-11-07T09:03:00,reddit,Institutions loading $PLTR at these levels,bullish,3901,11.04
2025-11-07,2025-11-07T18:44:00,stocktwits,PLTR above all key moving averages = bullish,bullish,1089,10.18
2025-11-07,2025-11-07T15:38:00,stocktwits,Government contracts = PLTR moon mission ðŸš€,bullish,759,8.93
2025-11-07,2025-11-07T17:29:00,reddit,Government contracts = PLTR moon mission ðŸš€,bullish,3966,9.83
2025-11-10,2025-11-10T16:15:00,twitter,Dark pool activity in PLTR picking up ðŸ‘€,bullish,2306,5.6
2025-11-10,2025-11-10T11:04:00,twitter,$PLTR whale alert! Someone just bought 421K shares,bullish,3767,4.95
2025-11-10,2025-11-10T07:36:00,twitter,PLTR weekly calls printing! Target $536.39,bullish,4978,4.97
2025-11-10,2025-11-10T09:12:00,twitter,PLTR above all key moving averages = bullish,bullish,4941,5.67
2025-11-10,2025-11-10T19:34:00,twitter,$PLTR whale alert! Someone just bought 169K shares,bullish,2973,5.07
2025-11-10,2025-11-10T22:34:00,twitter,PLTR breaking out! Chart looking beautiful ðŸ“ˆ,bullish,3708,5.32
2025-11-10,2025-11-10T17:26:00,stocktwits,This PLTR setup reminds me of the last breakout,bullish,256,5.52
2025-11-10,2025-11-10T09:19:00,stocktwits,PLTR breaking out! Chart looking beautiful ðŸ“ˆ,bullish,112,6.75
2025-11-10,2025-11-10T15:31:00,twitter,PLTR breaking out! Chart looking beautiful ðŸ“ˆ,bullish,2935,3.28
2025-11-11,2025-11-11T18:10:00,twitter,"Accumulating more $PLTR here, this won't stay under $504.62 long",bullish,16,2.78
2025-11-11,2025-11-11T22:34:00,reddit,"Watching $PLTR at $504.62, key level here",neutral,2408,1.22
2025-11-11,2025-11-11T12:19:00,reddit,PLTR above all key moving averages = bullish,bullish,4531,2.77
2025-11-11,2025-11-11T13:50:00,twitter,Dark pool activity in PLTR picking up ðŸ‘€,bullish,863,3.1
2025-11-11,2025-11-11T13:23:00,stocktwits,PLTR breaking out! Chart looking beautiful ðŸ“ˆ,bullish,3739,2.12
2025-11-11,2025-11-11T22:55:00,stocktwits,Government contracts = PLTR moon mission ðŸš€,bullish,1724,4.34
2025-11-11,2025-11-11T18:26:00,reddit,PLTR above all key moving averages = bullish,bullish,1288,3.58
2025-11-11,2025-11-11T09:53:00,twitter,"Big money moving into $PLTR, watch this",bullish,756,3.83
2025-11-11,2025-11-11T20:28:00,reddit,PLTR weekly calls printing! Target $555.08,bullish,2002,2.87
2025-11-11,2025-11-11T13:36:00,stocktwits,$PLTR whale alert! Someone just bought 306K shares,bullish,2103,2.97
2025-11-11,2025-11-11T09:14:00,reddit,PLTR breaking out! Chart looking beautiful ðŸ“ˆ,bullish,4187,3.42
2025-11-11,2025-11-11T11:01:00,reddit,"Big money moving into $PLTR, watch this",bullish,640,5.02
2025-11-12,2025-11-12T07:30:00,stocktwits,"Big money moving into $PLTR, watch this",bullish,2380,4.48
2025-11-12,2025-11-12T18:34:00,stocktwits,Dark pool activity in PLTR picking up ðŸ‘€,bullish,2591,4.54
2025-11-12,2025-11-12T14:24:00,twitter,PLTR breaking out! Chart looking beautiful ðŸ“ˆ,bullish,518,3.8
2025-11-12,2025-11-12T08:14:00,stocktwits,Institutions loading $PLTR at these levels,bullish,4118,6.81
2025-11-12,2025-11-12T22:23:00,reddit,$PLTR whale alert! Someone just bought 68K shares,bullish,2576,5.85
2025-11-12,2025-11-12T20:50:00,twitter,PLTR weekly calls printing! Target $586.76,bullish,4974,6.15
2025-11-12,2025-11-12T13:56:00,reddit,This PLTR setup reminds me of the last breakout,bullish,596,6.75
2025-11-12,2025-11-12T11:00:00,twitter,PLTR breaking out! Chart looking beautiful ðŸ“ˆ,bullish,1401,5.76
2025-11-12,2025-11-12T17:26:00,reddit,Dark pool activity in PLTR picking up ðŸ‘€,bullish,2537,4.76
2025-11-12,2025-11-12T18:58:00,reddit,$PLTR whale alert! Someone just bought 328K shares,bullish,1698,5.55
2025-11-13,2025-11-13T10:22:00,reddit,"Big money moving into $PLTR, watch this",bullish,3353,6.12
2025-11-13,2025-11-13T13:54:00,twitter,Dark pool activity in PLTR picking up ðŸ‘€,bullish,4376,7.32
2025-11-13,2025-11-13T16:26:00,reddit,PLTR above all key moving averages = bullish,bullish,1595,6.63
2025-11-13,2025-11-13T13:48:00,twitter,PLTR breaking out! Chart looking beautiful ðŸ“ˆ,bullish,3185,8.31
2025-11-13,2025-11-13T20:41:00,reddit,PLTR weekly calls printing! Target $629.6,bullish,1643,5.37
2025-11-13,2025-11-13T13:18:00,reddit,Government contracts = PLTR moon mission ðŸš€,bullish,1968,8.07
2025-11-13,2025-11-13T11:26:00,reddit,"Accumulating more $PLTR here, this won't stay under $572.36 long",bullish,3430,6.87
2025-11-14,2025-11-14T20:52:00,reddit,PLTR breaking out! Chart looking beautiful ðŸ“ˆ,bullish,4047,2.3
2025-11-14,2025-11-14T17:48:00,reddit,This PLTR setup reminds me of the last breakout,bullish,736,3.34
2025-11-14,2025-11-14T08:17:00,reddit,Dark pool activity in PLTR picking up ðŸ‘€,bullish,983,4.55
2025-11-14,2025-11-14T06:16:00,stocktwits,$PLTR whale alert! Someone just bought 339K shares,bullish,4947,2.22
2025-11-14,2025-11-14T07:54:00,reddit,Dark pool activity in PLTR picking up ðŸ‘€,bullish,3586,1.75
2025-11-14,2025-11-14T16:29:00,stocktwits,"Watching $PLTR at $590.25, key level here",neutral,4393,1.25
